slug,humidity
abies-balsamea,5
abies-cephalonica,4
abies-concolor,5
abies-grandis,6
abies-nordmanniana,6
abies-pinsapo,4
abies-veitchii,6
abutilon-theophrasti,4
acacia-dentifera,3
acacia-lunata,3
acacia-melanoxylon,3
acanthus-mollis,3
acer-campestre,4
acer-cappadocicum,5
acer-monspessulanum,4
acer-negundo,7
acer-opalus,6
acer-palmatum,6
acer-pseudoplatanus,6
acer-rubrum,5
achillea-distans,7
achillea-distans-subsp-stricta,7
achillea-filipendulina,4
achillea-macrophylla,7
achillea-micrantha,5
achillea-millefolium,4
achillea-millefolium-subsp-collina,3
achillea-nobilis-subsp-nobilis,4
achillea-ptarmica,8
achillea-pyrenaica,8
achnatherum-bromoides,2
acis-fabrei,4
acis-longifolia,5
acis-nicaeensis,4
acis-rosea,5
aconitum-anthora,6
aconitum-burnatii,8
aconitum-lycoctonum,8
aconitum-lycoctonum-subsp-neapolitanum,8
aconitum-napellus,8
aconitum-variegatum,8
acorus-calamus,8
actaea-spicata,6
adenocarpus-complicatus,3
adenocarpus-telonensis,3
adenostyles-alliariae,8
adiantum-capillus-veneris,8
adonis-flammea,3
adoxa-moschatellina,8
aegilops-bicornis,1
aegilops-caudata,1
aegilops-triuncialis,2
aegilops-ventricosa,2
aeluropus-littoralis,4
aesculus-hippocastanum,6
aesculus-pavia,5
aethusa-cynapium,5
ageratina-adenophora,6
agrimonia-procera,5
agrostemma-githago,4
agrostis-castellana,3
agrostis-curtisii,4
agrostis-durieui,6
agrostis-gigantea,8
agrostis-hesperica,7
agrostis-mertensii,6
agrostis-nebulosa,7
agrostis-pourretii,8
agrostis-reuteri,6
agrostis-rupestris-subsp-rupestris,5
agrostis-schleicheri,6
agrostis-schraderiana,6
agrostis-tenerrima,5
ajuga-chamaepitys,3
ajuga-chamaepitys-subsp-chia,4
ajuga-iva,3
ajuga-reptans,6
alcea-biennis,4
alchemilla-acutidens,7
alchemilla-alpigena,6
alchemilla-alpina,6
alchemilla-cinerea,6
alchemilla-colorata,6
alchemilla-conjuncta,6
alchemilla-connivens,6
alchemilla-coriacea,9
alchemilla-crinita,7
alchemilla-decumbens,7
alchemilla-demissa,8
alchemilla-effusa,9
alchemilla-exigua,6
alchemilla-fallax,6
alchemilla-filicaulis,9
alchemilla-fissa,7
alchemilla-flabellata,5
alchemilla-flexicaulis,7
alchemilla-fulgens,7
alchemilla-glabra,7
alchemilla-glaucescens,6
alchemilla-grossidens,6
alchemilla-heteropoda,7
alchemilla-hoppeana,6
alchemilla-incisa,9
alchemilla-inconcinna,9
alchemilla-jugensis,7
alchemilla-lineata,5
alchemilla-longana,7
alchemilla-monticola,7
alchemilla-obtusa,7
alchemilla-pallens,6
alchemilla-pentaphyllea,7
alchemilla-plicata,7
alchemilla-reniformis,9
alchemilla-rhododendrophila,8
alchemilla-schmidelyana,7
alchemilla-sinuata,5
alchemilla-splendens,6
alchemilla-straminea,9
alchemilla-strigosula,7
alchemilla-subsericea,6
alchemilla-tenuis,7
alchemilla-trunciloba,5
alchemilla-undulata,7
alchemilla-vetteri,7
aldrovanda-vesiculosa,9
alhagi-maurorum,3
alisma-gramineum,9
alisma-lanceolatum,8
alisma-plantago-aquatica,8
alkanna-tinctoria,3
alliaria-petiolata,6
allium-altaicum,3
allium-carinatum,4
allium-corsicum,3
allium-cupani-subsp-hirtovaginatum,4
allium-decipiens-subsp-decipiens,3
allium-ericetorum,8
allium-fistulosum,4
allium-moly-subsp-moly,3
allium-neapolitanum,4
allium-paniculatum-subsp-longispathum,4
allium-paniculatum-subsp-paniculatum,4
allium-parciflorum,4
allium-pendulinum,4
allium-sativum,4
allium-scaberrimum,3
allium-schoenoprasum,4
allium-scorodoprasum,4
allium-siculum,5
allium-sphaerocephalon,4
allium-strictum,7
allium-subvillosum,4
allium-textile,8
allium-thunbergii,5
allium-trifoliatum,3
allium-ursinum,8
allium-vineale,4
alnus-alnobetula,7
alnus-cordata,7
alnus-incana,8
alopecurus-aequalis,9
alopecurus-gerardii,5
alopecurus-myosuroides,5
alopecurus-rendlei,8
alternanthera-caracasana,3
alternanthera-philoxeroides,9
althenia-filiformis,9
althenia-orientalis,9
amaranthus-caudatus,3
amaranthus-cruentus,3
amaranthus-graecizans,5
amaranthus-standleyanus,3
ambrosia-psilostachya,3
ambrosia-tenuifolia,4
ambrosia-trifida,4
ambrosina-bassii,4
ammi-majus,4
amorpha-californica,5
ampelodesmos-mauritanicus,2
amsinckia-calycina,4
amsinckia-lycopsoides,4
anacamptis-collina,4
anacamptis-laxiflora,8
anacamptis-morio,5
anacamptis-palustris,8
anacamptis-papilionacea,4
anacamptis-pyramidalis,4
anacyclus-radiatus,2
anaphalis-margaritacea,3
anarrhinum-corsicum,5
anarrhinum-forskaohlii-subsp-abyssinicum,5
anchusa-crispa,4
anchusa-ochroleuca,3
anchusa-procera,5
anchusa-undulata,3
andrachne-telephioides,3
andropogon-distachyos,2
andropogon-gyrans,4
androsace-halleri,4
androsace-helvetica,5
androsace-laggeri,4
androsace-maxima,3
androsace-obtusifolia,5
androsace-villosa,6
andryala-integrifolia,5
andryala-ragusina,3
anemone-hortensis,4
anemone-palmata,5
anemonoides-apennina,7
anemonoides-nemorosa,7
anemonoides-ranunculoides,8
angelica-archangelica,8
angelica-heterocarpa,8
angelica-razulii,7
angelica-sylvestris,8
anogramma-leptophylla,3
antennaria-carpatica,5
antennaria-dioica,5
anthemis-arvensis-subsp-arvensis,5
anthemis-cretica,4
anthemis-secundiramea,5
anthericum-ramosum,4
anthoxanthum-nipponicum,6
anthoxanthum-odoratum,5
anthriscus-caucalis,5
anthriscus-cerefolium,5
anthriscus-nitida,7
anthyllis-barba-jovis,7
anthyllis-cytisoides,2
anthyllis-hermanniae,4
anthyllis-montana,5
anthyllis-vulneraria,4
antinoria-agrostidea,9
antinoria-insularis,8
antirrhinum-latifolium,6
antirrhinum-majus,5
apera-spica-venti,5
aphanes-arvensis,3
aphyllanthes-monspeliensis,5
apium-graveolens,8
aponogeton-distachyos,9
aposeris-foetida,6
aquilegia-alpina,7
aquilegia-atrata,7
aquilegia-dumeticola,4
aquilegia-litardierei,7
aquilegia-vulgaris,5
arabidopsis-cebennensis,7
arabidopsis-halleri,4
arabidopsis-thaliana,5
arabis-caerulea,7
arabis-caucasica,5
arabis-ciliata,5
arabis-nova,3
arabis-planisiliqua,6
arabis-scabra,5
arabis-serpillifolia,5
arabis-soyeri,9
arabis-verna,4
arbutus-unedo,6
arceuthobium-oxycedri,4
arctium-lappa,5
arctium-minus,5
arctium-nemorosum,5
arctium-tomentosum,5
arctostaphylos-alpinus,5
arctostaphylos-uva-ursi-af36d6ab-97ea-4146-8581-3baf62d4f52f,4
argemone-mexicana,1
argentina-anserina,7
argyrolobium-zanonii,4
arisarum-vulgare,5
aristolochia-clematitis,5
aristolochia-fontanesii,4
aristolochia-macrophylla,8
aristolochia-paucinervis,4
aristolochia-pistolochia,4
aristolochia-rotunda,4
aristolochia-tyrrhena,4
armeria-alpina,4
armeria-euscadiensis,8
armeria-malinvaudii,3
armeria-maritima,7
armeria-muelleri,5
armeria-multiceps,4
armeria-pungens,3
armeria-ruscinonensis,7
armeria-soleirolii,7
armoracia-rusticana,6
arnica-chamissonis,6
arnoglossum-ovatum,5
arnoseris-minima,3
artemisia-abrotanum,4
artemisia-alba,5
artemisia-arborescens,4
artemisia-atrata,4
artemisia-austriaca,4
artemisia-biennis,5
artemisia-lagopus,3
artemisia-molinieri,7
artemisia-verlotiorum,6
artemisia-vulgaris,4
arthrocaulon-macrostachyum,8
arum-cylindraceum,5
arum-italicum,5
arum-maculatum,6
arum-orientale,5
arundo-donax,8
arundo-plinii,8
asarum-europaeum,5
asclepias-syriaca,4
asparagus-acutifolius,4
asparagus-albus,4
asparagus-officinalis,4
asparagus-pseudoscaber,4
asparagus-trichophyllus,3
asperugo-procumbens,3
asperula-aristata,5
asperula-arvensis,3
asperula-cynanchica,5
asperula-hirta,5
asperula-involucrata,7
asperula-taurina,5
asperula-tinctoria,3
asphodelus-aestivus,3
asphodelus-fistulosus,5
asphodelus-macrocarpus,6
asphodelus-ramosus,3
asplenium-adulterinum,6
asplenium-ceterach,2
asplenium-lunulatum,8
asplenium-ruta-muraria-1c826053-3dc8-4ae8-9675-f55a4a27f76b,5
aster-amellus-subsp-amellus,6
aster-indamellus,4
aster-pyrenaeus,5
aster-willkommii,8
astragalus-alopecurus,4
astragalus-asterias,4
astragalus-exscapus,4
astragalus-glaux,4
astragalus-glycyphyllos,5
astragalus-incanus,4
astragalus-norvegicus,4
astragalus-oxyglottis,4
astragalus-penduliflorus,5
astragalus-sempervirens,7
astragalus-siculus,7
astragalus-sirinicus,5
astrantia-major,5
astrantia-minor,6
athyrium-distentifolium,8
athyrium-filix-femina-568f3749-10f9-4e31-a0fe-fb7129b201f2,8
atractylis-humilis,2
atriplex-glabriuscula,8
atriplex-halimus,8
atriplex-hortensis,5
atriplex-laciniata,7
atriplex-littoralis,8
atriplex-oblongifolia,7
atriplex-prostrata,7
atriplex-rosea,7
atriplex-sagittata,5
atriplex-tornabenei,8
atropa-bella-donna,5
atropa-belladonna,5
aubrieta-deltoidea,4
avena-barbata,2
avena-brevis,4
avena-chinensis,4
avena-fatua,4
avena-nuda,2
avena-saxatilis,2
avenella-flexuosa,5
avenula-pubescens,4
azolla-caroliniana,9
azolla-filiculoides,9
baldellia-repens,9
ballota-nigra,5
barbarea-bracteosa,5
barbarea-intermedia,7
barbarea-stricta,7
barbarea-verna,6
barbarea-vulgaris,7
bartsia-alpina,8
bassia-hyssopifolia,7
bassia-prostrata,4
bellardiochloa-variegata,5
bellevalia-ciliata,6
bellevalia-romana,6
bellevalia-trifoliata,4
bellis-annua,7
bellis-perennis,5
bellis-rotundifolia,3
bellis-sylvestris,4
bellium-minutum,6
bellium-nivale,8
berberis-aetnensis,5
berberis-aquifolium,4
berteroa-incana,4
beta-trigyna,4
beta-vulgaris,4
betonica-alopecuros,5
betonica-officinalis,5
betonica-orientalis,5
betula-nana,8
betula-pendula,4
bidens-aristosa,7
bidens-aurea,7
bidens-cernua,7
bidens-radiata,7
bidens-subalternans,7
bidens-tripartita,7
bidens-vulgata,7
bifora-radians,4
bifora-testiculata,4
biscutella-ambigua,3
biscutella-cichoriifolia,3
biscutella-didyma,3
bistorta-officinalis,8
bistorta-vivipara,8
bituminaria-bituminosa,5
blackstonia-acuminata,7
blackstonia-imperfoliata,7
blackstonia-perfoliata,7
blitum-bonus-henricus,6
blitum-capitatum,3
blitum-virgatum,3
blysmus-compressus,8
blysmus-rufus,8
bolboschoenus-glaucus,8
bolboschoenus-laticarpus,8
bolboschoenus-maritimus,8
bolboschoenus-planiculmis,8
bolboschoenus-yagara,8
borago-officinalis,4
borago-pygmaea,4
bothriochloa-saccharoides,3
botrychium-lanceolatum-subsp-lanceolatum,5
botrychium-lunaria,5
botrychium-simplex,5
brachypodium-glaucovirens,8
brachypodium-phoenicoides,5
brachypodium-pinnatum,5
brachypodium-retusum,3
brachypodium-sylvaticum,6
brassica-fruticulosa,4
brassica-juncea,7
brassica-nigra,7
brassica-oleracea,8
brassica-rapa,5
brimeura-amethystina,5
brimeura-fastigiata,5
briza-media,4
bromus-alopecuros,3
bromus-benekenii,5
bromus-bromoideus,4
bromus-commutatus,4
bromus-intermedius,2
bromus-japonicus,4
bromus-lepidus,4
bromus-pannonicus,3
bromus-racemosus,8
bromus-rubens-subsp-rubens,3
bromus-secalinus,4
bromus-tectorum,4
bryonia-alba,6
bryonia-cretica,8
buddleja-albiflora,4
buddleja-davidii,4
buglossoides-arvensis,3
buglossoides-incrassata,4
bunias-erucago,4
bunias-orientalis,3
bunium-alpinum,6
bunium-bulbocastanum,4
bunium-pachypodum,4
bupleurum-alpigenum,5
bupleurum-falcatum,3
bupleurum-fruticescens,3
bupleurum-fruticosum,5
bupleurum-lancifolium,4
bupleurum-longifolium,5
bupleurum-praealtum,4
bupleurum-rigidum,3
bupleurum-rotundifolium,3
butomus-umbellatus,9
buxus-sempervirens,3
cachrys-libanotis,3
cakile-maritima,8
calamagrostis-arundinacea,5
calamagrostis-canescens,8
calamagrostis-epigejos,6
calamagrostis-stricta,8
calamagrostis-varia,6
calamagrostis-villosa,5
caldesia-parnassifolia,8
calendula-arvensis,5
calendula-officinalis,4
calendula-tripterocarpa,4
calepina-irregularis,4
calicotome-villosa,5
calla-palustris,9
callianthemum-coriandrifolium,7
callitriche-brutia,9
callitriche-cophocarpa,9
callitriche-lenisulca,9
callitriche-obtusangula,9
callitriche-palustris,9
callitriche-platycarpa,9
callitriche-stagnalis,9
callitriche-truncata,9
caltha-palustris,9
calystegia-silvatica,6
calystegia-soldanella,5
camelina-alyssum,5
camelina-rumelica,4
camelina-sativa,5
campanula-baumgartenii,5
campanula-bononiensis,4
campanula-cervicaria,4
campanula-erinus,3
campanula-ficarioides,6
campanula-glomerata,6
campanula-latifolia,7
campanula-longisepala,5
campanula-marchesettii,6
campanula-medium,5
campanula-patula,7
campanula-rapunculoides,7
campanula-rotundifolia,5
campanula-speciosa-subsp-speciosa,6
campanula-stenocodon,6
campanula-thyrsoides,6
campanula-trachelium,5
campanula-uniflora,6
camphorosma-monspeliaca,2
cannabis-sativa,5
capparis-spinosa,3
caragana-arborescens,5
cardamine-amara,9
cardamine-asarifolia,9
cardamine-bellidifolia,7
cardamine-bulbifera,6
cardamine-crassifolia,9
cardamine-flexuosa,8
cardamine-graeca,8
cardamine-heptaphylla,6
cardamine-hirsuta,6
cardamine-impatiens,7
cardamine-parviflora,8
cardamine-pentaphyllos,6
cardamine-pratensis,8
cardamine-pratensis-subsp-matthioli,7
cardamine-pratensis-subsp-paludosa,9
cardamine-raphanifolia,9
cardamine-trifolia,6
carduncellus-monspeliensium,4
carduus-acicularis,2
carduus-cephalanthus,7
carduus-chrysacanthus,4
carduus-crispus,7
carduus-defloratus,6
carduus-fasciculiflorus,2
carduus-nigrescens,3
carduus-personata,5
carduus-platypus-subsp-platypus,4
carduus-pycnocephalus,3
carduus-tenuiflorus,3
carduus-vivariensis,2
carex-acicularis,8
carex-acuta,8
carex-aethiopica,8
carex-appropinquata,9
carex-arnellii,5
carex-atrata-subsp-atrata,3
carex-banksii,5
carex-bicolor,8
carex-binervis,6
carex-bohemica,7
carex-brevicollis,4
carex-buxbaumii,8
carex-canescens-subsp-canescens,6
carex-capillaris,8
carex-cespitosa,9
carex-chordorrhiza,9
carex-crassiflora,8
carex-crawfordii,8
carex-davalliana,8
carex-demissa,8
carex-depressa,7
carex-digitata,5
carex-diluta,6
carex-dioica,8
carex-disticha,8
carex-divulsa,5
carex-echinata-subsp-echinata,5
carex-elongata,9
carex-ericetorum,5
carex-fimbriata,4
carex-firma,9
carex-flava,8
carex-foetida,8
carex-fritschii,5
carex-fuliginosa,8
carex-glacialis,8
carex-glareosa,9
carex-glaucescens,6
carex-globularis,8
carex-grioletii,7
carex-hirta,7
carex-hordeistichos,8
carex-hostiana,8
carex-lachenalii,8
carex-lasiocarpa,9
carex-lepidocarpa,8
carex-lowei,9
carex-mackenziei,8
carex-mairei,8
carex-melanostachya,8
carex-michauxiana,9
carex-microcarpa,8
carex-microglochin,8
carex-montana,4
carex-muricata,5
carex-muskingumensis,6
carex-oederi-var-oederi,7
carex-oedipostyla,4
carex-olbiensis,4
carex-pairae,5
carex-paleacea,8
carex-pallescens,6
carex-paniculata,9
carex-pauciflora,8
carex-pilosa,6
carex-pilulifera-subsp-pilulifera,5
carex-pseudobrizoides,6
carex-pseudocyperus,9
carex-pulicaris,8
carex-punctata,7
carex-remota,9
carex-repens,7
carex-rupestris,4
carex-umbrosa,6
carex-unciniiformis,8
carex-vaginata,5
carex-vesicaria,8
carlina-acanthifolia,3
carlina-biebersteinii,6
carlina-vulgaris,4
carpesium-cernuum,7
carpinus-betulus,5
carpobrotus-acinaciformis,4
carpobrotus-edulis,5
carthamus-lanatus,1
carthamus-mitissimus,3
carthamus-tinctorius,1
carum-carvi,7
catabrosa-aquatica,9
caucalis-platycarpos,4
cedrus-atlantica,4
cedrus-libani,5
celtis-australis,5
centaurea-affinis,4
centaurea-aspera,3
centaurea-benedicta,4
centaurea-cyanus,5
centaurea-decipiens,4
centaurea-graeca,3
centaurea-iberica,3
centaurea-jacea,5
centaurea-jordaniana,4
centaurea-kerneriana,4
centaurea-leucophaea,3
centaurea-napifolia,3
centaurea-nigrescens,5
centaurea-pulchella,5
centaurea-pullata,4
centaurea-salonitana,4
centaurea-scabiosa,4
centaurea-solstitialis,2
centaurea-sphaerocephala-subsp-sphaerocephala,3
centaurea-triumfettii-subsp-semidecurrens,7
centaurium-chloodes,7
centaurium-erythraea,7
centaurium-littorale,7
centaurium-maritimum,7
centaurium-pulchellum,7
centaurium-quadrifolium,7
centaurium-scilloides,6
centaurium-tenuiflorum,7
centranthus-ruber-subsp-ruber,4
cephalanthera-damasonium,5
cephalanthera-longifolia,5
cephalanthera-rubra,5
cephalaria-syriaca,3
cephalaria-transsylvanica,3
cephalotaxus-harringtonia,7
cerastium-alpinum,5
cerastium-arvense,5
cerastium-fontanum,5
cerastium-gibraltaricum,5
cerastium-glomeratum,5
cerastium-soleirolii,5
ceratocapnos-claviculata,6
ceratocephala-falcata-subsp-falcata,4
ceratonia-siliqua,3
ceratophyllum-demersum,9
ceratophyllum-submersum,9
cereus-jamacaru,1
cerinthe-glabra,6
cerinthe-major,3
cerinthe-minor,7
cerinthe-tenuiflora,8
chaerophyllum-aureum,6
chaerophyllum-bulbosum,6
chaerophyllum-hirsutum,7
chaerophyllum-nodosum,5
chaerophyllum-villarsii,8
chamaemelum-fuscatum,7
chamaemelum-nobile,5
chamaerops-humilis,4
chamorchis-alpina,5
cheirolophus-sempervirens,3
chenopodiastrum-hybridum,5
chenopodiastrum-murale,3
chenopodium-album,5
chenopodium-ficifolium,5
chenopodium-giganteum,3
chenopodium-opulifolium,3
chenopodium-suecicum,5
chiliadenus-glutinosus,5
chimaphila-maculata,6
chimaphila-umbellata,6
chondrilla-juncea,3
chrysosplenium-oppositifolium,9
cicendia-filiformis,7
cicerbita-alpina,8
cicerbita-macrophylla,6
cicerbita-plumieri,8
cichorium-endivia,7
cichorium-intybus,5
cicuta-virosa,9
circaea-lutetiana,8
cirsium-alsophilum,8
cirsium-altissimum,8
cirsium-bourgaeanum,8
cirsium-canum,7
cirsium-ciliatum,2
cirsium-creticum,6
cirsium-dissectum,8
cirsium-echinatum,2
cirsium-eriophorum,4
cirsium-erisithales,7
cirsium-glabrum,8
cirsium-heterophyllum,8
cirsium-italicum,4
cirsium-monspessulanum,7
cirsium-morisianum,3
cirsium-odontolepis,3
cirsium-oleraceum,8
cirsium-richterianum,5
cirsium-richterianum-subsp-giraudiasii,5
cirsium-rivulare,8
cirsium-scabrum,3
cirsium-spinosissimum,6
cirsium-tuberosum,7
cirsium-vulgare,4
cistus-albidus,4
cistus-creticus,5
cistus-crispus,3
cistus-inflatus,3
cistus-laurifolius,5
cistus-monspeliensis,4
cistus-populifolius,5
cistus-pouzolzii,3
cistus-salviifolius,3
claytonia-perfoliata,4
clematis-alpina,5
clematis-cirrhosa,5
clematis-flammula,5
clematis-recta,3
clematis-vitalba,6
clinopodium-alpinum,5
clinopodium-vulgare,5
clypeola-jonthlaspi,5
cneorum-tricoccon,3
cochlearia-aestuaria,7
cochlearia-anglica,7
cochlearia-danica,6
cochlearia-officinalis,8
cochlearia-pyrenaica,9
coincya-monensis,4
coix-lacryma-jobi,3
colchicum-alpinum,6
colchicum-autumnale,7
colchicum-bulbocodium,5
colchicum-corsicum,5
colchicum-cupanii,4
colchicum-filifolium,3
colchicum-longifolium,5
coleanthus-subtilis,7
coleostephus-myconis,3
coleostephus-paludosus,3
collomia-grandiflora,7
colutea-arborescens,4
comastoma-tenellum,7
commelina-paludosa,5
comparettia-falcata,5
conium-maculatum,5
conopodium-majus,7
conopodium-pyrenaeum,6
conringia-orientalis,4
convallaria-majalis,5
convolvulus-althaeoides,4
convolvulus-betonicifolius,4
convolvulus-cantabrica,4
convolvulus-oleifolius,4
convolvulus-tricolor,3
corallorhiza-trifida,6
coriandrum-sativum,4
coriaria-myrtifolia,5
coris-monspeliensis,3
corispermum-declinatum,2
coristospermum-lucidum-subsp-lucidum,6
cornus-mas,4
cornus-sanguinea,6
coronilla-juncea,3
coronilla-minima,3
corrigiola-litoralis,8
corrigiola-telephiifolia,3
corydalis-cava,8
corydalis-intermedia,8
corydalis-pumila,5
corydalis-solida,8
corylus-avellana,5
corymbia-tessellaris,4
corynephorus-canescens,3
cosmos-bipinnatus,4
cota-altissima,3
cota-tinctoria,3
cota-triumfetti,4
cotinus-coggygria,5
cotoneaster-delphinensis,3
cotoneaster-integerrimus,3
cotoneaster-tomentosus,3
cotula-australis,7
cotula-coronopifolia,7
crambe-hispanica,6
crambe-maritima,3
crassula-vaillantii,7
crataegus-germanica,5
crataegus-monogyna,5
crepis-alpestris,3
crepis-aurea,5
crepis-chrysantha,5
crepis-conyzifolia,5
crepis-jacquinii,4
crepis-lampsanoides,5
crepis-leontodontoides,5
crepis-mollis,7
crepis-nicaeensis,3
crepis-pontana,6
crepis-praemorsa,4
crepis-pyrenaica,8
crepis-sancta,4
crepis-setosa,4
crepis-vesicaria,5
crepis-vesicaria-subsp-taraxacifolia,5
cressa-cretica,8
crithmum-maritimum,7
crocus-biflorus,5
crocus-corsicus,6
crocus-ligusticus,5
crocus-speciosus,6
crucianella-maritima,3
cruciata-glabra,5
cruciata-laevipes,5
cupressus-lusitanica-var-lusitanica,3
cupressus-sempervirens,3
cuscuta-approximata,4
cuscuta-epilinum,5
cuscuta-epithymum-subsp-epithymum,4
cuscuta-europaea,7
cuscuta-gronovii,8
cuscuta-monogyna,5
cuscuta-palaestina,7
cuscuta-pedicellata,5
cuscuta-scandens,7
cuscuta-suaveolens,5
cutandia-maritima,5
cymbalaria-aequitriloba,8
cymbalaria-hepaticifolia,8
cymbalaria-muralis,6
cymodocea-nodosa,9
cynanchum-acutum,6
cynara-cardunculus,3
cynodon-dactylon,7
cynoglossum-cheirifolium-subsp-cheirifolium,3
cynoglossum-creticum,4
cynoglossum-dioscoridis,3
cynoglossum-germanicum,5
cynoglossum-officinale,4
cynoglossum-pustulatum,4
cynomorium-coccineum,8
cynosurus-cristatus,5
cyperus-cyperinus,4
cyperus-difformis,9
cyperus-dubius,3
cyperus-esculentus,6
cyperus-flavescens,7
cyperus-flavidus,7
cyperus-fuscus,8
cyperus-laevigatus,3
cyperus-longus-subsp-badius,8
cyperus-michelianus,8
cyperus-papyrus,8
cyperus-rotundus,6
cyperus-sanguinolentus,8
cyperus-serotinus,8
cyperus-virens-var-virens,7
cypripedium-calceolus,5
cystopteris-alpina,6
cytinus-hypocistis,3
cytinus-ruber,3
cytisophyllum-sessilifolium,5
cytisus-arboreus,4
cytisus-austriacus-var-rochelii,4
cytisus-cantabricus,5
cytisus-decumbens,3
cytisus-multiflorus,5
cytisus-oromediterraneus,4
cytisus-ratisbonensis,5
cytisus-scoparius,5
cytisus-striatus,5
cytisus-triflorus,5
daboecia-cantabrica,6
dactylis-glomerata,5
dactylorhiza-elata,8
dactylorhiza-incarnata,8
dactylorhiza-insularis,6
dactylorhiza-maculata,8
dactylorhiza-majalis,8
dactylorhiza-praetermissa,8
dactylorhiza-saccifera,7
dactylorhiza-sambucina,4
dactylorhiza-sudetica,8
dactylorhiza-traunsteineri,8
dactylorhiza-traunsteinerioides,8
dactylorhiza-viridis,6
damasonium-alisma,7
damasonium-polyspermum,7
danthonia-decumbens,4
daphne-gnidium,5
daphne-laureola,4
daphne-mezereum,5
daphne-oleoides,5
daphne-striata,5
dasiphora-fruticosa,8
datura-ferox,5
datura-innoxia,5
datura-stramonium,5
daucus-aureus,4
daucus-carota,5
decaspermum-blancoi,4
delphinium-elatum,7
delphinium-pictum,4
delphinium-pubescens,3
delphinium-requienii,4
delphinium-staphisagria,4
delphinium-verdunense,4
deschampsia-cespitosa,8
deschampsia-media,8
deschampsia-setacea,9
descurainia-sophia,4
dethawia-splendens,5
dianthus-balbisii,4
dianthus-barbatus,6
dianthus-carthusianorum,5
dianthus-furcatus,5
dianthus-furcatus-subsp-gyspergerae,7
dianthus-pavonius,6
dianthus-siculus,7
dianthus-subacaulis,7
dianthus-superbus,8
dichodon-cerastoides,8
dichodon-viscidum,7
dichoropetalum-carvifolia,7
dictamnus-albus,3
digitaria-ischaemum,3
digitaria-sanguinalis,3
dioscorea-communis,5
diospyros-loureiroana,4
dipcadi-serotinum,3
diphasiastrum-complanatum-subsp-complanatum,6
diplachne-fusca-subsp-uninervia,5
dipsacus-ferox,8
dipsacus-laciniatus,6
dipsacus-pilosus,7
dipsacus-sativus,4
dittrichia-graveolens,4
dittrichia-viscosa,6
doronicum-carpetanum,5
doronicum-corsicum,6
doronicum-glaciale,5
doronicum-grandiflorum,5
doronicum-macrophyllum,8
dorycnium-pentaphyllum-subsp-herbaceum,3
dorycnopsis-gerardi,4
draba-muralis,4
draba-nemorosa,4
draba-siliquosa,5
draba-verna,5
dracocephalum-ruyschiana,5
dracunculus-vulgaris,4
drosera-anglica,8
drosera-binata,9
drosera-rotundifolia,8
dryas-octopetala,4
dryopteris-aemula,7
dryopteris-borreri,7
dryopteris-carthusiana,7
dryopteris-cristata,9
dryopteris-dilatata,7
dryopteris-expansa,7
dryopteris-filix-mas,7
dysphania-ambrosioides,7
ecballium-elaterium,5
echinochloa-colona,7
echinochloa-crus-galli,7
echinochloa-frumentacea,7
echinochloa-muricata,7
echinochloa-oryzoides,9
echinophora-spinosa,4
echinops-davuricus,2
echinops-exaltatus,3
echinospartum-horridum,2
echium-asperrimum,2
echium-creticum,2
echium-flavum,4
echium-plantagineum,3
echium-sabulicola,3
echium-vulgare,3
eclipta-prostrata,5
elaeagnus-angustifolia,4
elatine-alsinastrum,8
elatine-brochonii,7
elatine-hexandra,7
elatine-hydropiper,8
elatine-macropoda,7
elatine-triandra,7
eleocharis-acicularis,9
eleocharis-bonariensis,8
eleocharis-exigua,9
eleocharis-mamillata,9
eleocharis-multicaulis,9
eleocharis-ovata,7
eleocharis-palustris,9
eleocharis-parvula,9
eleocharis-quinqueflora,9
eleocharis-uniglumis,8
eleusine-indica,3
elodea-callitrichoides,9
elodea-canadensis,9
elodea-densa,9
elodea-nuttallii,9
elymus-panormitanus,7
elymus-repens,5
empetrum-nigrum,6
endressia-pyrenaica,4
epilobium-alpestre,8
epilobium-anagallidifolium,8
epilobium-angustifolium,5
epilobium-ciliatum,6
epilobium-duriaei,8
epilobium-hirsutum,8
epilobium-hornemannii,9
epilobium-lanceolatum,5
epilobium-montanum,6
epilobium-nutans,9
epilobium-obscurum,9
epilobium-palustre,8
epilobium-parviflorum,8
epilobium-roseum,9
epilobium-tetragonum,7
epimedium-alpinum,8
epipactis-helleborine,5
epipactis-kleinii,3
epipactis-leptochila,6
epipactis-microphylla,5
epipactis-muelleri,3
epipactis-palustris,8
epipactis-phyllanthes,5
epipactis-placentina,5
epipactis-purpurata,5
epipactis-veratrifolia,8
epipogium-aphyllum,6
equisetum-arvense,4
equisetum-fluviatile,9
equisetum-giganteum,7
equisetum-hyemale,8
equisetum-palustre,8
equisetum-sylvaticum,8
equisetum-telmateia,8
equisetum-variegatum,8
eragrostis-barrelieri,3
eragrostis-cilianensis,3
eragrostis-minor,3
eragrostis-pectinacea,8
eragrostis-pilosa,3
eranthis-hyemalis,8
erica-arborea,4
erica-carnea,6
erica-ciliaris,8
erica-cinerea,5
erica-curvifolia,6
erica-erigena,5
erica-lusitanica,6
erica-scoparia,4
erica-tetralix,8
erica-vagans,5
erica-verticillata,4
erigeron-acris,5
erigeron-alpinus-subsp-alpinus,5
erigeron-andicola,9
erigeron-annuus,7
erigeron-atticus,6
erigeron-bonariensis,5
erigeron-canadensis,4
erigeron-floribundus,4
erigeron-karvinskianus,5
erigeron-paolii,6
erigeron-sumatrensis,4
erigeron-uniflorus,5
erigeron-uniflorus-subsp-aragonensis,5
erinacea-anthyllis,5
erinus-alpinus,5
eriochloa-villosa,8
eriophorum-angustifolium,9
eriophorum-latifolium,8
eriophorum-scheuchzeri,9
eriophorum-vaginatum,8
erodium-ciconium,4
erodium-corsicum,7
erodium-malacoides,4
erodium-moschatum,4
erodium-rodiei,4
eruca-vesicaria,4
erucastrum-gallicum,3
erucastrum-supinum,7
eryngium-alpinum,6
eryngium-bourgatii,3
eryngium-campestre,3
eryngium-maritimum,4
eryngium-pusillum,7
eryngium-viviparum,8
erysimum-cheiranthoides,7
erysimum-jugicola,5
erysimum-nevadense,4
erysimum-rhaeticum,7
erysimum-virgatum,4
erythranthe-guttata,9
erythranthe-moschata,9
erythronium-dens-canis,6
eucalyptus-camaldulensis,4
eucalyptus-globulus,4
eucalyptus-robusta,4
eucalyptus-viminalis-subsp-viminalis,4
euonymus-europaeus,6
euonymus-latifolius,5
eupatorium-cannabinum,8
euphorbia-aleppica,4
euphorbia-angulata,5
euphorbia-balbisii,3
euphorbia-barrelieri,4
euphorbia-characias,3
euphorbia-corsica,5
euphorbia-cyparissias,4
euphorbia-dendroides,3
euphorbia-dulcis,6
euphorbia-duvalii,6
euphorbia-esula,7
euphorbia-falcata,4
euphorbia-fischeriana,4
euphorbia-flavicoma,3
euphorbia-gayi,4
euphorbia-helioscopia,5
euphorbia-heterophylla-var-cyathophora,6
euphorbia-humifusa,3
euphorbia-hyberna,7
euphorbia-illirica,7
euphorbia-insularis,7
euphorbia-meyeniana,3
euphorbia-myrsinites,3
euphorbia-nicaeensis,2
euphorbia-obovata,7
euphorbia-palustris,8
euphorbia-paralias,5
euphorbia-peplis,8
euphorbia-peplus,5
euphorbia-pithyusa,7
euphorbia-platyphyllos,5
euphorbia-pterococca,7
euphorbia-segetalis,3
euphorbia-seguieriana,4
euphorbia-serrata,5
euphorbia-spinosa,3
euphorbia-stricta,7
euphorbia-taurinensis,5
euphorbia-vermiculata,6
euphrasia-arctica,7
euphrasia-micrantha,6
euphrasia-minima,5
euphrasia-nemorosa,5
euphrasia-pectinata,4
euphrasia-picta,8
euphrasia-salisburgensis,5
euphrasia-stricta,5
euthamia-graminifolia,7
exaculum-pusillum,7
fagopyrum-esculentum,6
fagopyrum-tataricum,5
fagus-sylvatica,7
falcaria-vulgaris,4
fallopia-convolvulus,5
fallopia-dumetorum,5
ferula-arrigonii,4
ferula-communis,4
ferula-glauca,4
festuca-acuminata,4
festuca-airoides,4
festuca-alfrediana,4
festuca-altopyrenaica,4
festuca-arvernensis,7
festuca-auquieri,3
festuca-billyi,5
festuca-borderei,5
festuca-breistrofferi,5
festuca-carpatica,6
festuca-chasii,5
festuca-cyrnea,5
festuca-drymeja,5
festuca-fabrei,5
festuca-gautieri,4
festuca-heteropachys,3
festuca-huonii,7
festuca-inops,4
festuca-intercedens,3
festuca-juncifolia,5
festuca-laevigata,6
festuca-lemanii,3
festuca-liviensis,4
festuca-marginata,3
festuca-niphobia,5
festuca-occitanica,3
festuca-ophioliticola,6
festuca-ovina,5
festuca-procera,5
festuca-prudhommei,4
festuca-puccinellii,6
festuca-pulchella,6
festuca-rivularis,9
festuca-rubra,3
festuca-scabriculmis,4
festuca-stenantha,5
festuca-trichophylla,9
festuca-varia,4
festuca-vasconcensis,6
festuca-violacea,6
festuca-vizzavonae,4
ficaria-verna-subsp-verna,8
filago-tyrrhenica,5
filipendula-ulmaria,8
filipendula-vulgaris,5
fimbristylis-bisumbellata,7
fimbristylis-dichotoma,7
foeniculum-vulgare,4
fragaria-moschata,4
fragaria-vesca,5
fragaria-viridis,3
fragaria-x-ananassa,4
frankenia-hirsuta,3
frankenia-laevis,5
frankenia-pulverulenta,6
fraxinus-angustifolia,8
fraxinus-excelsior,7
fraxinus-ornus,5
fraxinus-pennsylvanica,7
fritillaria-involucrata,5
fritillaria-meleagris,7
fritillaria-meleagroides,5
fritillaria-orientalis,5
fuirena-pubescens,7
fumana-arabica,3
fumana-ericoides,4
fumana-laevipes,3
fumana-thymifolia,3
fumaria-agraria,4
fumaria-barnolae,5
fumaria-bastardii,4
fumaria-bicolor,4
fumaria-capreolata,5
fumaria-densiflora,4
fumaria-flabellata,5
fumaria-kralikii,4
fumaria-muralis,5
fumaria-officinalis,5
fumaria-parviflora,5
fumaria-petteri,5
fumaria-purpurea,5
fumaria-reuteri,5
fumaria-schleicheri,4
fumaria-vaillantii,5
gagea-foliosa,5
gagea-fragifera,5
gagea-lutea,8
gagea-minima,8
gagea-nevadensis,6
gagea-pratensis,4
gagea-reverchonii,5
gagea-soleirolii,6
gagea-spathacea,8
gagea-villosa,4
galactites-tomentosus,2
galanthus-nivalis,8
galatella-linosyris,4
galatella-sedifolia,3
galega-officinalis,7
galeopsis-angustifolia,5
galeopsis-bifida,6
galeopsis-ladanum,5
galeopsis-pyrenaica,5
galeopsis-reuteri,5
galeopsis-speciosa,7
galeopsis-tetrahit,5
galinsoga-parviflora,5
galinsoga-quadriradiata,5
galium-anisophyllon,6
galium-antarcticum,8
galium-aparine,5
galium-bermudense,3
galium-cinereum,5
galium-circaezans,7
galium-elongatum,9
galium-estebanii,4
galium-glaucum,4
galium-mollugo,5
galium-obliquum,5
galium-odoratum,7
galium-rotundifolium,5
galium-saxatile,5
galium-tomentosum,3
galium-tricornutum,4
galium-triflorum,8
galium-verrucosum,4
galium-verticillatum,3
galium-verum,4
gaudinia-fragilis,5
gaultheria-procumbens,9
gaultheria-shallon,9
gelasia-villosa-subsp-villosa,4
genista-aetnensis,3
genista-albida,6
genista-anglica,6
genista-corsica,4
genista-ephedroides,3
genista-linifolia,3
genista-monspessulana,5
genista-sagittalis,5
genista-salzmannii,4
genista-scorpius,2
genista-tinctoria,5
genista-tournefortii,5
gennaria-diphylla,5
gentiana-acaulis,6
gentiana-alpina,5
gentiana-angustifolia,7
gentiana-asclepiadea,7
gentiana-bavarica,7
gentiana-brachyphylla,6
gentiana-burseri,5
gentiana-ligustica,5
gentiana-lutea,6
gentiana-nivalis,5
gentiana-pneumonanthe,6
gentiana-punctata,6
gentiana-purpurea,6
gentiana-pyrenaica,8
gentiana-rostanii,9
gentiana-utriculosa,8
gentiana-verna,6
gentianella-campestris,5
gentianella-ramosa,5
geranium-bohemicum,5
geranium-cinereum,5
geranium-dissectum,5
geranium-divaricatum,5
geranium-endressii,8
geranium-lucidum,5
geranium-nodosum,6
geranium-palustre,8
geranium-phaeum,8
geranium-pratense,6
geranium-purpureum,4
geranium-pusillum,5
geranium-pyrenaicum,6
geranium-rivulare,8
geranium-robertianum,6
geranium-rotundifolium,5
geranium-sanguineum,5
geranium-sylvaticum,8
geranium-tuberosum,4
geropogon-hybridus,4
geum-heterocarpum,5
geum-hispidum,7
geum-montanum,6
geum-pyrenaicum,5
geum-rivale,8
geum-sylvaticum,4
geum-urbanum,6
gladiolus-communis,7
gladiolus-illyricus,8
gladiolus-imbricatus,7
gladiolus-italicus,4
gladiolus-palustris,7
glandora-prostrata,5
glaucium-corniculatum,3
glebionis-coronaria,4
glebionis-segetum,5
glechoma-hederacea,6
glechoma-hirsuta,6
glinus-lotoides,7
globularia-alypum,4
globularia-bisnagarica,3
globularia-cordifolia,6
globularia-repens,5
globularia-vulgaris,4
glyceria-declinata,9
glyceria-fluitans,9
glyceria-maxima,8
glyceria-notata,9
glyceria-spicata,9
glyceria-striata,8
glycyrrhiza-glabra,8
gnaphalium-unionis,8
goodyera-repens,5
gratiola-officinalis,8
groenlandia-densa,9
guizotia-abyssinica,4
gymnadenia-borealis,8
gymnocarpium-dryopteris,6
gymnocarpium-remotipinnatum,7
hackelia-deflexa,4
halimium-halimifolium-subsp-halimifolium,3
halimium-lasianthum-subsp-lasianthum,5
halimium-umbellatum-subsp-umbellatum,3
hammarbya-paludosa,9
hedera-canariensis,7
hedera-hibernica,7
hedera-maderensis,6
hedysarum-boveanum,3
hedysarum-hedysaroides,6
helianthemum-apenninum,3
helianthemum-hirtum,3
helianthemum-marifolium,3
helianthemum-nummularium,3
helianthus-annuus,4
helianthus-pauciflorus,4
helianthus-tuberosus,8
helichrysum-foetidum,8
helichrysum-italicum,3
helicodiceros-muscivorus,4
helictochloa-bromoides,3
helictochloa-marginata,5
helictochloa-pratensis,4
helictochloa-versicolor,5
helictotrichon-parlatorei,6
helictotrichon-planifolium,4
helictotrichon-sedenense,4
helictotrichon-sempervirens,6
helictotrichon-setaceum,6
heliosperma-pusillum-subsp-chromodontum,6
heliotropium-curassavicum,8
heliotropium-europaeum,4
heliotropium-suaveolens,4
heliotropium-supinum,7
helleborus-foetidus,4
helleborus-lividus,5
helleborus-niger,5
helminthotheca-echioides,3
helosciadium-crassipes,6
helosciadium-inundatum,8
helosciadium-nodiflorum,9
helosciadium-repens,8
hemerocallis-fulva,7
hemerocallis-lilioasphodelus,7
hepatica-nobilis,5
heracleum-mantegazzianum,6
heracleum-sphondylium,5
herniaria-baetica,5
herniaria-hirsuta,4
herniaria-litardierei,4
hesperis-matronalis,7
hesperocyparis-macrocarpa,4
heteranthera-limosa,9
heteropogon-contortus,2
hibiscus-trionum,5
hieracium-armerioides,6
hieracium-bifidum,5
hieracium-bocconei-subsp-bocconei,5
hieracium-caesium,5
hieracium-compositum,6
hieracium-eximium,4
hieracium-glaucinum,5
hieracium-inuloides,6
hieracium-juranum,6
hieracium-lachenalii,5
hieracium-laevigatum,5
hieracium-lycopifolium,6
hieracium-maculatum,5
hieracium-murorum,5
hieracium-neyranum,5
hieracium-nobile,5
hieracium-olivaceum,6
hieracium-pellitum,5
hieracium-piliferum,4
hieracium-racemosum,5
hieracium-rapunculoides,6
hieracium-sabaudum,5
hieracium-schmidtii,5
hieracium-umbellatum,5
hieracium-umbrosum,6
himantoglossum-hircinum,4
himantoglossum-robertianum,5
hippocrepis-emerus,4
hippocrepis-glauca,4
hippocrepis-scorpioides,4
hippuris-vulgaris,8
holcus-lanatus,5
holcus-mollis,6
homogyne-alpina,5
honckenya-peploides,3
hordelymus-europaeus,6
hordeum-jubatum,2
hordeum-marinum,7
hordeum-marinum-subsp-gussoneanum,8
hordeum-murinum,4
hordeum-vulgare,3
horminum-pyrenaicum,5
hornungia-procumbens,5
hottonia-palustris,9
humulus-lupulus,8
huperzia-selago,5
hyacinthoides-hispanica,4
hyacinthoides-non-scripta,5
hyacinthus-orientalis,4
hydrocharis-morsus-ranae,9
hydrocotyle-ranunculoides,9
hydrocotyle-umbellata,8
hydrocotyle-vulgaris,8
hylotelephium-telephium,3
hyoscyamus-albus,3
hyoscyamus-niger,4
hyoseris-scabra,3
hyparrhenia-dichroa,3
hyparrhenia-hirta,2
hypecoum-imberbe,3
hypericum-androsaemum,7
hypericum-australe,4
hypericum-caprifolium,4
hypericum-elodes,9
hypericum-gentianoides,8
hypericum-hircinum,4
hypericum-humifusum,7
hypericum-hyssopifolium,4
hypericum-majus,8
hypericum-montanum,4
hypericum-mutilum,8
hypericum-perfoliatum,4
hypericum-perforatum,5
hypericum-pulchrum,5
hypericum-richeri-subsp-richeri,5
hypericum-tetrapterum,8
hypericum-tomentosum,7
hypericum-undulatum,7
hypochaeris-cretensis,5
hypochaeris-radicata,4
hypochaeris-robertia,5
hypochoeris-radicata,4
iberis-amara,4
iberis-bernardiana,5
iberis-pinnata,4
iberis-simplex,3
ilex-aquifolium,5
impatiens-balfourii,8
impatiens-capensis,8
impatiens-glandulifera,9
impatiens-noli-tangere,8
impatiens-parviflora,7
imperata-cylindrica,8
ionopsidium-glastifolium,7
iris-ensata,4
iris-foetidissima,5
iris-halophila,4
iris-pseudacorus,8
iris-pseudopumila,4
iris-sibirica,8
iris-spuria,8
iris-tingitana,7
iris-tuberosa,5
isatis-tinctoria,4
isoetes-boryana,9
isoetes-creussensis,9
isoetes-echinospora,9
isoetes-histrix,6
isoetes-lacustris,9
isoetes-tenuissima,9
isolepis-cernua,7
isolepis-fluitans,9
isolepis-pseudosetacea,7
isolepis-setacea,7
isopyrum-thalictroides,8
jacobaea-adonidifolia,6
jacobaea-alpina,6
jacobaea-aquatica,8
jacobaea-erratica,7
jacobaea-erucifolia,4
jacobaea-paludosa,8
jacobaea-uniflora,6
jacquemontia-browniana,4
jasione-crispa,3
jasione-laevis,6
jasione-montana,5
jasminum-nudiflorum,5
jasminum-officinale,5
jasonia-tuberosa,7
juglans-nigra,4
juglans-regia,5
juncus-acutiflorus,8
juncus-acutus,8
juncus-alpinoarticulatus,8
juncus-anceps,8
juncus-arcticus,8
juncus-articulatus,8
juncus-balticus,8
juncus-balticus-subsp-mexicanus,8
juncus-bufonius,8
juncus-bulbosus,9
juncus-capitatus,7
juncus-conglomeratus,8
juncus-dudleyi,5
juncus-effusus,8
juncus-filiformis,8
juncus-fontanesii,6
juncus-gerardi,6
juncus-heterophyllus,9
juncus-hybridus,7
juncus-inflexus,8
juncus-jacquinii,6
juncus-maritimus,6
juncus-minutulus,8
juncus-pygmaeus,7
juncus-ranarius,8
juncus-requienii,8
juncus-sphaerocarpus,8
juncus-squarrosus,6
juncus-striatus,7
juncus-subnodulosus,8
juncus-subulatus,7
juncus-tenageia,8
juncus-tenuis,5
juncus-tingitanus,8
juncus-triglumis,8
juniperus-foetidissima,4
juniperus-pseudosabina,4
juniperus-rigida-var-rigida,4
juniperus-thurifera,3
jurinea-humilis,4
kadenia-dubia,8
kalmia-procumbens,6
kernera-saxatilis,3
kickxia-commutata,4
kickxia-elatine,5
kickxia-spuria,5
klasea-lycopifolia,7
klasea-nudicaulis,4
knautia-arvensis,4
knautia-basaltica,7
knautia-collina,4
knautia-foreziensis,7
knautia-godetii,7
knautia-longifolia,7
knautia-salvadoris,5
knautia-subcanescens,7
koeleria-cenisia,4
koeleria-pyramidata,3
kosteletzkya-pentacarpos,7
kundmannia-sicula,3
laburnum-alpinum,5
laburnum-anagyroides,4
lachnagrostis-rudis,5
lactuca-muralis,6
lactuca-perennis,3
lactuca-quercina,5
lactuca-saligna,3
lactuca-serriola,4
lactuca-tenerrima,4
lactuca-viminea,4
lagarosiphon-major,9
lagurus-ovatus,5
lamarckia-aurea,3
lamium-amplexicaule,5
lamium-bifidum,5
lamium-flexuosum,4
lamium-galeobdolon,7
lamium-maculatum,6
lamium-purpureum,5
lappula-squarrosa,4
lapsana-communis,6
larix-decidua,4
larix-kaempferi,6
laser-trilobum,4
laserpitium-halleri,6
laserpitium-latifolium,5
lathraea-clandestina,8
lathraea-squamaria,8
lathyrus-annuus,4
lathyrus-aphaca,4
lathyrus-cirrhosus,6
lathyrus-clymenum,9
lathyrus-filiformis,4
lathyrus-hirsutus,5
lathyrus-japonicus,4
lathyrus-latifolius,4
lathyrus-linifolius,5
lathyrus-niger,5
lathyrus-nissolia,5
lathyrus-ochrus,4
lathyrus-pratensis,5
lathyrus-sativus,4
lathyrus-sylvestris,5
lathyrus-tuberosus,4
lathyrus-venetus,7
lathyrus-vernus,4
laurus-nobilis,4
lavandula-latifolia,3
lavandula-stoechas,3
leersia-oryzoides,9
legousia-hybrida,4
legousia-pentagonia,3
legousia-speculum-veneris,4
lemna-aequinoctialis,9
lemna-gibba,9
lemna-minor,9
lemna-perpusilla,9
lemna-trisulca,9
lemna-turionifera,9
lemna-valdiviana,9
leontodon-hyoseroides-subsp-hyoseroides,4
leontodon-kotschyi,5
leontodon-tuberosus,5
leontopodium-nivale,6
leonurus-cardiaca,5
lepidium-campestre,3
lepidium-densiflorum,4
lepidium-didymum,3
lepidium-draba,4
lepidium-graminifolium,4
lepidium-hirtum,4
lepidium-latifolium,7
lepidium-montanum,5
lepidium-perfoliatum,3
lepidium-sativum,4
lepidium-villarsii,5
lepidium-virginicum,4
leucanthemopsis-alpina,7
leucanthemum-adustum,5
leucanthemum-burnatii,5
leucanthemum-cuneifolium,7
leucanthemum-delarbrei,5
leucanthemum-glaucophyllum,4
leucanthemum-graminifolium,5
leucanthemum-maximum,4
leucanthemum-pallens,5
leucanthemum-subglaucum,5
leucanthemum-virgatum,5
leucanthemum-vulgare,5
leucojum-aestivum,8
leucojum-vernum,6
levisticum-officinale,7
leymus-arenarius,3
ligularia-sibirica,8
ligustrum-lucidum,4
lilium-bulbiferum,5
lilium-candidum,4
lilium-martagon,8
lilium-pomponium,7
lilium-pyrenaicum,5
limbarda-crithmoides,6
limodorum-abortivum,6
limodorum-trabutianum,5
limoniastrum-monopetalum,8
limonium-articulatum,7
limonium-avei,7
limonium-bellidifolium,4
limonium-binervosum,8
limonium-brassicifolium,5
limonium-confusum,7
limonium-contortirameum,7
limonium-cordatum,7
limonium-densissimum,8
limonium-dubium,7
limonium-duriusculum,8
limonium-echioides,7
limonium-girardianum,8
limonium-glomeratum,7
limonium-humile,7
limonium-legrandii,6
limonium-minutum,7
limonium-narbonense,4
limonium-normannicum,8
limonium-obtusifolium,7
limonium-ovalifolium,8
limonium-patrimoniense,7
limonium-pseudominutum,7
limonium-ramosissimum,7
limonium-sinuatum,5
limonium-strictissimum,7
limonium-tremolsii,7
limonium-virgatum,8
limonium-vulgare,5
limosella-aquatica,8
linaria-alpina,5
linaria-purpurea,5
linaria-repens,5
linaria-saxatilis,4
lindernia-dubia,9
lindernia-procumbens,7
linnaea-borealis,7
linum-bienne,5
linum-campanulatum,5
linum-catharticum,7
linum-leonii,4
linum-maritimum,7
linum-nervosum,5
linum-setaceum,2
linum-suffruticosum,2
linum-usitatissimum,5
lipandra-polysperma,5
liquidambar-styraciflua,4
lithodora-fruticosa,3
lithospermum-officinale,4
lobelia-dortmanna,9
lobelia-urens,8
lobularia-maritima,4
logfia-neglecta,7
lolium-multiflorum,4
lolium-perenne,5
lolium-remotum,5
lolium-rigidum,5
lomelosia-argentea,4
lomelosia-stellata,3
lonicera-caerulea,8
lonicera-etrusca,5
lonicera-hispidula,6
lonicera-implexa,5
lonicera-japonica,6
lonicera-periclymenum,5
lonicera-stabiana,5
lonicera-xylosteum,5
lotus-alpinus,6
lotus-angustissimus,7
lotus-conimbricensis,5
lotus-corniculatus,4
lotus-creticus,5
lotus-cytisoides,5
lotus-drepanocarpus,7
lotus-pedunculatus,8
lotus-preslii,7
lotus-tenuis,8
lotus-tetragonolobus,4
lunaria-annua,6
lunaria-rediviva,6
lupinus-albus,5
lupinus-arboreus,5
lupinus-cosentinii,5
lupinus-luteus,5
lupinus-polyphyllus,6
luronium-natans,9
luzula-alpinopilosa,7
luzula-campestris,4
luzula-congesta,6
luzula-desvauxii,6
luzula-forsteri,5
luzula-lutea,3
luzula-luzulina,5
luzula-luzuloides,6
luzula-nivea,7
luzula-pedemontana,6
luzula-pediformis,6
luzula-pilosa,5
luzula-spicata,5
luzula-sudetica,6
luzula-sylvatica,7
lycium-afrum,5
lycium-barbarum,5
lycium-chinense,5
lycopodiella-inundata,8
lycopodium-clavatum,5
lycopodium-tristachyum,6
lycopsis-arvensis-subsp-arvensis,5
lycopus-americanus,8
lysimachia-arvensis,5
lysimachia-ephemerum,8
lysimachia-europaea,7
lysimachia-foemina,4
lysimachia-maritima,7
lysimachia-minima,7
lysimachia-nemorum,8
lysimachia-nummularia,7
lysimachia-quadrifolia,8
lysimachia-tenella,8
lysimachia-thyrsiflora,9
lysimachia-tyrrhenia,6
lythrum-acutangulum,7
lythrum-borysthenicum,7
lythrum-hyssopifolia,8
lythrum-junceum,6
lythrum-portula,8
lythrum-salicaria,8
lythrum-thesioides,7
lythrum-tribracteatum,7
lythrum-virgatum,8
maclura-pomifera,5
macroptilium-lathyroides,7
maianthemum-bifolium,7
malcolmia-africana,3
malcolmia-maritima,5
malope-malacoides,2
malus-pumila,5
malus-sylvestris,5
malva-alcea,5
malva-arborea,4
malva-cretica,4
malva-moschata,5
malva-multiflora,4
malva-neglecta,5
malva-nicaeensis,4
malva-olbia,4
malva-parviflora,4
malva-punctata,5
malva-pusilla,5
malva-subovata,4
malva-sylvestris,5
malva-tournefortiana,4
malva-trimestris,5
mantisalca-salmantica,4
marrubium-peregrinum,4
marrubium-vulgare,4
marsilea-mutica,9
marsilea-strigosa,6
matricaria-chamomilla,5
matricaria-discoidea,4
matthiola-incana,7
matthiola-sinuata,5
medicago-arabica,5
medicago-arborea,5
medicago-doliata,3
medicago-hybrida,4
medicago-intertexta,4
medicago-littoralis,5
medicago-lupulina,4
medicago-marina,5
medicago-muricoleptis,4
medicago-orbicularis,5
medicago-polyceratia,3
medicago-sativa,5
medicago-scutellata,7
medicago-tenoreana,4
medicago-turbinata,3
melampyrum-arvense,4
melampyrum-cristatum,3
melampyrum-nemorosum-subsp-catalaunicum,5
melampyrum-pratense,4
melampyrum-subalpinum,5
melampyrum-sylvaticum,5
melica-uniflora,5
melilotus-albus,4
melilotus-altissima,7
melilotus-altissimus,7
melilotus-elegans,4
melilotus-indica,7
melilotus-indicus,7
melilotus-infestus,5
melilotus-officinalis,4
melilotus-segetalis,7
melilotus-siculus,5
melilotus-wolgicus,4
melissa-officinalis,4
melittis-melissophyllum,5
mentha-aquatica,9
mentha-arvensis,8
mentha-cervina,7
mentha-longifolia,8
mentha-pulegium,7
mentha-requienii,8
mentha-spicata,8
mentha-suaveolens,8
menyanthes-trifoliata,9
mercurialis-annua,5
mercurialis-corsica,5
mercurialis-huetii,5
mercurialis-perennis,5
mercurialis-tomentosa,4
mesembryanthemum-crystallinum,6
mesembryanthemum-nodiflorum,6
meum-athamanticum,5
micranthes-nivalis,9
micranthes-stellaris,9
micromeria-graeca,2
micromeria-juliana,5
minuartia-recurva,3
misopates-orontium,4
moehringia-pentandra,4
moehringia-trinervia,6
molinia-caerulea,7
moneses-uniflora,5
montia-arvensis,7
montia-fontana,9
moorochloa-eruciformis,4
moraea-sisyrinchium,3
moricandia-arvensis,2
morisia-monanthos,6
morus-alba,4
morus-nigra,5
muscari-neglectum,4
muscari-racemosum,4
mutellina-corsica,5
myagrum-perfoliatum,4
myosotis-alpestris,6
myosotis-arvensis,5
myosotis-corsicana,5
myosotis-decumbens,7
myosotis-discolor,3
myosotis-gallica,6
myosotis-laxa,8
myosotis-martini,8
myosotis-minutiflora,5
myosotis-nemorosa,8
myosotis-rehsteineri,9
myosotis-scorpioides,9
myosotis-secunda,9
myosotis-sicula,7
myosotis-soleirolii,8
myosotis-speluncicola,4
myosotis-stolonifera,9
myosotis-sylvatica,8
myosoton-aquaticum,8
myrica-gale,9
myricaria-germanica,8
myriolimon-diffusum,8
myriolimon-ferulaceum,8
myriophyllum-alterniflorum,9
myriophyllum-aquaticum,9
myriophyllum-heterophyllum,9
myriophyllum-spicatum,9
myriophyllum-verticillatum,9
myrrhis-odorata,6
najas-flexilis,9
najas-gracillima,9
najas-graminea,9
najas-marina,9
najas-minor,9
narcissus-assoanus,5
narcissus-bicolor,7
narcissus-bulbocodium,6
narcissus-dubius,4
narcissus-gigas,6
narcissus-jonquilla,8
narcissus-obsoletus,8
narcissus-papyraceus,5
narcissus-poeticus,7
narcissus-pseudonarcissus,6
narcissus-tazetta,6
narcissus-triandrus,6
nardus-stricta,6
narthecium-ossifragum,8
narthecium-reverchonii,8
nassella-trichotoma,3
nasturtium-microphyllum,9
nasturtium-officinale,9
naufraga-balearica,6
nelumbo-nucifera,9
neotinea-lactea,4
neotinea-maculata,5
neotinea-tridentata,4
neotinea-ustulata,4
neottia-cordata,7
neottia-nidus-avis,6
neottia-ovata,8
nepeta-agrestis,4
nepeta-cataria,4
nepeta-latifolia,6
nepeta-nuda,4
nerium-oleander,7
nicandra-physalodes,4
nicotiana-glauca,5
nicotiana-rustica,5
nicotiana-tabacum,5
nigella-arvensis,4
nigella-nigellastrum,3
noccaea-alpestris,7
noccaea-brevistyla,6
noccaea-caerulescens,7
noccaea-praecox,4
nonea-pulla,4
notobasis-syriaca,1
nuphar-lutea,9
nuphar-pumila,9
nymphaea-alba,9
nymphaea-candida,9
nymphoides-peltata,9
ocimum-basilicum,5
odontites-corsicus,6
odontites-luteus,4
odontites-vernus,5
oenanthe-aquatica,9
oenanthe-crocata,8
oenanthe-fistulosa,9
oenanthe-fluviatilis,9
oenanthe-globulosa,7
oenanthe-lachenalii,8
oenanthe-peucedanifolia,8
oenanthe-pimpinelloides,5
oenanthe-silaifolia,8
oenothera-biennis,4
oenothera-glazioviana,4
oenothera-laciniata,5
oenothera-longiflora,4
oenothera-oakesiana,5
oenothera-parviflora,4
oenothera-rosea,4
oenothera-stricta,5
oenothera-villosa,4
olea-europaea,3
oloptum-miliaceum,3
omalotheca-hoppeana,7
omalotheca-norvegica,5
omalotheca-supina,7
omalotheca-sylvatica,5
omphalodes-verna,7
onobrychis-arenaria-subsp-arenaria,5
onobrychis-montana,4
onobrychis-pyrenaica,4
onobrychis-saxatilis,4
onoclea-struthiopteris,7
ononis-aragonensis,4
ononis-cristata,7
ononis-fruticosa,3
ononis-mitissima,5
ononis-natrix,3
ononis-pusilla,4
ononis-ramosissima,4
ononis-rotundifolia,5
ononis-striata,4
ononis-variegata,5
onopordum-acanthium,4
onopordum-acaulon,3
onopordum-eriocephalum,4
onopordum-horridum,2
onopordum-illyricum,2
onopordum-tauricum,3
onosma-arenaria,3
onosma-echioides,5
ophioglossum-azoricum,6
ophioglossum-lusitanicum,6
ophioglossum-vulgatum,8
ophrys-apifera,4
ophrys-bertolonii,4
ophrys-fuciflora,4
ophrys-lutea,4
ophrys-sicula,3
ophrys-speculum-subsp-speculum,4
ophrys-sphegodes,3
ophrys-tenthredinifera,4
opopanax-chironium,4
opuntia-crassa,4
opuntia-ficus-indica,3
opuntia-monacantha,3
opuntia-stricta,2
opuntia-tuna,2
orchis-provincialis,5
orchis-simia,5
orchis-spitzelii,4
oreochloa-disticha,5
oreojuncus-monanthos,6
origanum-majorana,5
origanum-vulgare,5
orlaya-grandiflora,4
ornithogalum-gussonei,5
ornithogalum-narbonense,4
ornithogalum-nutans,4
ornithogalum-pyrenaicum,6
ornithogalum-umbellatum,4
ornithopus-perpusillus,3
orobanche-alba,5
orobanche-alsatica,4
orobanche-alsatica-subsp-libanotidis,4
orobanche-amethystea,3
orobanche-canescens,4
orobanche-caryophyllacea,5
orobanche-cernua,4
orobanche-crenata,4
orobanche-elatior,5
orobanche-flava,7
orobanche-gracilis,5
orobanche-hederae,7
orobanche-laserpitii-sileris,5
orobanche-lavandulacea,4
orobanche-lutea,3
orobanche-minor,4
orobanche-picridis,3
orobanche-pubescens,3
orobanche-rapum-genistae,5
orobanche-reticulata,3
orobanche-rigens,4
orobanche-salviae,7
orobanche-sanguinea,5
orobanche-variegata,4
orthilia-secunda,6
oryza-sativa,9
osmunda-regalis,8
ostrya-carpinifolia,5
osyris-alba,4
otanthus-maritimus-subsp-maritimus,5
oxalis-acetosella,7
oxalis-articulata,4
oxalis-corniculata,4
oxalis-debilis,4
oxalis-dillenii,5
oxalis-latifolia,4
oxalis-pes-caprae,4
oxalis-purpurea,4
oxalis-tetraphylla,5
oxalis-valdiviensis,4
oxybasis-chenopodioides,8
oxybasis-glauca,7
oxybasis-rubra,8
oxybasis-urbica,7
oxytropis-amethystea,5
oxytropis-campestris,4
oxytropis-fetida,5
oxytropis-foucaudii,4
oxytropis-halleri,4
oxytropis-helvetica,4
oxytropis-lapponica,4
oxytropis-neglecta,4
paeonia-coriacea,4
paeonia-corsica,4
paeonia-lactiflora,4
paeonia-mascula,4
paliurus-spina-christi,4
pallenis-maritima,7
pallenis-spinosa,3
panicum-capillare,3
panicum-dichotomiflorum,3
panicum-repens,3
papaver-argemone,4
papaver-dubium,4
papaver-hybridum,5
papaver-lecoqii,4
papaver-pinnatifidum,3
papaver-rhoeas,5
papaver-somniferum,5
paradisea-liliastrum,6
parapholis-filiformis,5
parapholis-incurva,5
parapholis-marginata,5
parapholis-pycnantha,4
parapholis-strigosa,5
parietaria-judaica,4
parietaria-lusitanica,5
parietaria-officinalis,5
paris-quadrifolia,8
parnassia-palustris,8
paronychia-argentea,3
paronychia-capitata,4
parthenocissus-quinquefolia,5
parthenocissus-tricuspidata,5
paspalum-dilatatum,8
pastinaca-kochii,5
pastinaca-sativa,5
patzkea-durandoi,3
patzkea-paniculata,3
pedicularis-ascendens,5
pedicularis-cenisia,5
pedicularis-comosa,5
pedicularis-comosa-subsp-asparagoides,5
pedicularis-foliosa,6
pedicularis-gyroflexa,5
pedicularis-kerneri,5
pedicularis-palustris,8
pedicularis-pyrenaica,8
pedicularis-recutita,9
pedicularis-rosea,5
pedicularis-rostratospicata,6
pedicularis-sylvatica,6
pedicularis-tuberosa,5
pedicularis-verticillata,6
peganum-harmala,4
pentaglottis-sempervirens,7
pentanema-conyzae,3
pentanema-helenioides,8
periploca-graeca,7
persicaria-amphibia,9
persicaria-decipiens,3
persicaria-hydropiper,8
persicaria-lapathifolia,8
persicaria-maculosa,8
persicaria-minor,8
petasites-albus,7
petasites-hybridus,8
petasites-pyrenaicus,8
petrorhagia-nanteuilii,4
petroselinum-crispum,5
peucedanum-cervaria,6
peucedanum-gallicum,7
peucedanum-officinale,5
peucedanum-ostruthium,8
phacelia-tanacetifolia,5
phalaris-arundinacea,7
phalaris-brachystachys,5
phalaris-canariensis,4
phalaris-coerulescens,3
phalaris-truncata,3
phaseolus-vulgaris,5
phegopteris-connectilis,7
phelipanche-purpurea-subsp-purpurea,4
phillyrea-angustifolia,4
phillyrea-latifolia,4
phleum-alpinum,6
phleum-hirsutum,6
phleum-paniculatum,5
phleum-pratense,5
phlomis-herba-venti,3
phlomis-lychnitis,3
phragmites-australis,8
phyla-nodiflora,7
phyllodoce-caerulea,8
physocarpus-opulifolius,5
physospermum-cornubiense,6
phyteuma-betonicifolium,6
phyteuma-gallicum,6
phyteuma-globulariifolium,5
phyteuma-michelii,6
phyteuma-nigrum,7
phyteuma-scheuchzeri,7
phyteuma-spicatum,5
phytolacca-americana,6
phytolacca-dioica,5
picea-abies,6
picea-laxa,7
picea-sitchensis,6
picnomon-acarna,1
picris-hieracioides,4
picris-rhagadioloides,2
pilosella-aurantiaca,5
pilosella-breviscapa,3
pilosella-caespitosa,7
pilosella-cymosa,4
pilosella-flagellaris,4
pilosella-glacialis,4
pilosella-lactucella,5
pilosella-pseudopilosella,4
pilosella-saussureoides,2
pilularia-globulifera,9
pilularia-minuta,6
pimpinella-anisum,4
pimpinella-lutea,4
pimpinella-major,6
pimpinella-peregrina,3
pimpinella-saxifraga,5
pinguicula-alpina,8
pinguicula-corsica,8
pinguicula-crystallina,8
pinguicula-grandiflora,8
pinguicula-hirtiflora,8
pinguicula-leptoceras,8
pinguicula-longifolia,7
pinguicula-longifolia-subsp-reichenbachiana,7
pinguicula-lusitanica,8
pinguicula-vulgaris,8
pinus-brutia,3
pinus-cembra,6
pinus-contorta,6
pinus-halepensis,3
pinus-mugo,5
pinus-nigra-subsp-nigra,4
pinus-pinaster,4
pinus-pinea,4
pinus-radiata,6
pinus-strobus,6
pinus-sylvestris,4
pistacia-lentiscus,4
pistacia-terebinthus,4
pistacia-vera,4
pistia-stratiotes,9
pisum-sativum,5
pittosporum-tobira,4
pittosporum-undulatum,4
plagius-flosculosus,4
plantago-albicans,3
plantago-alpina,5
plantago-altissima,8
plantago-arenaria-subsp-arenaria,2
plantago-argentea,5
plantago-atrata,6
plantago-coronopus,5
plantago-crassifolia,8
plantago-lanceolata,4
plantago-major,5
plantago-maritima,7
plantago-media,4
plantago-monosperma,5
plantago-subulata,4
platanthera-algeriensis,8
platanthera-bifolia,6
platanthera-chlorantha,6
platanthera-clavellata,5
platanus-occidentalis,7
platanus-orientalis,7
pleurospermum-austriacum,7
poa-alpigena,5
poa-balbisii,4
poa-chaixii,6
poa-flaccidula,4
poa-hybrida,7
poa-infirma,3
poa-nemoralis,7
poa-pratensis,5
poa-sinaica,2
poa-supina,7
poa-trivialis,7
polemonium-caeruleum,7
polycarpon-tetraphyllum,3
polycarpon-tetraphyllum-subsp-polycarpoides,7
polycnemum-arvense,3
polycnemum-majus,3
polygala-alpestris,4
polygala-alpina,4
polygala-amara,4
polygala-amarella,7
polygala-calcarea,4
polygala-comosa,4
polygala-myrtifolia,4
polygala-nicaeensis,3
polygala-rupestris,3
polygala-serpyllifolia,5
polygonatum-multiflorum,7
polygonatum-odoratum,5
polygonatum-verticillatum,8
polygonum-arenarium,7
polygonum-arenastrum,4
polygonum-aviculare,4
polygonum-bellardii,4
polygonum-patulum,4
polygonum-romanum,6
polygonum-scoparium,6
polypogon-maritimus,6
polypogon-monspeliensis,8
polypogon-viridis,8
polystichum-aculeatum,7
polystichum-braunii,8
polystichum-setiferum,7
populus-alba,8
populus-balsamifera,8
populus-deltoides,8
populus-nigra,8
populus-simonii,8
populus-tremula,5
portulaca-oleracea,2
portulaca-quadrifida,7
posidonia-oceanica,9
potamogeton-alpinus,9
potamogeton-berchtoldii,9
potamogeton-coloratus,9
potamogeton-compressus,9
potamogeton-crispus,9
potamogeton-friesii,9
potamogeton-gramineus,9
potamogeton-lucens,9
potamogeton-natans,9
potamogeton-nodosus,9
potamogeton-obtusifolius,9
potamogeton-perfoliatus,9
potamogeton-polygonifolius,9
potamogeton-pusillus,9
potamogeton-rutilus,9
potentilla-anglica,7
potentilla-argentea,2
potentilla-aurea,5
potentilla-brauneana,6
potentilla-clusiana,5
potentilla-crantzii,5
potentilla-delphinensis,5
potentilla-erecta,5
potentilla-frigida,5
potentilla-heptaphylla,3
potentilla-inclinata,5
potentilla-intermedia,3
potentilla-micrantha,4
potentilla-neglecta,5
potentilla-nivea,5
potentilla-norvegica,8
potentilla-pyrenaica,6
potentilla-recta,4
potentilla-reptans,7
potentilla-sterilis,5
potentilla-supina,7
potentilla-thuringiaca,4
potentilla-valderia,5
poterium-sanguisorba-subsp-sanguisorba,4
prangos-trifida,3
prasium-majus,4
prenanthes-purpurea,7
primula-elatior,8
primula-farinosa,8
primula-halleri,6
primula-integrifolia,6
primula-matthioli,9
primula-vulgaris,7
prospero-autumnale,4
prospero-corsicum,6
prospero-obtusifolium,5
prunella-hyssopifolia,7
prunella-vulgaris,5
prunella-vulgaris-subsp-lanceolata,4
prunus-armeniaca,5
prunus-avium,5
prunus-brigantina,5
prunus-cerasifera,5
prunus-domestica,5
prunus-dulcis,5
prunus-laurocerasus,4
prunus-lusitanica,4
prunus-mahaleb,5
prunus-padus,7
prunus-prostrata,5
prunus-serotina,5
prunus-spinosa,5
prunus-tenella,5
psephellus-declinatus,3
pseudofumaria-alba,6
pseudofumaria-lutea,6
pseudognaphalium-undulatum,4
pseudorchis-albida,6
pseudosasa-japonica,7
pseudotsuga-menziesii,6
pseudoturritis-turrita,3
ptelea-trifoliata,5
pteridium-aquilinum,5
pteroselinum-austriacum,4
ptilostemon-casabonae,2
puccinellia-distans,7
puccinellia-fasciculata,7
puccinellia-festuciformis,3
puccinellia-maritima,8
puccinellia-rupestris,8
pulicaria-dysenterica,8
pulicaria-odora,4
pulicaria-sicula,7
pulicaria-vulgaris,7
pulmonaria-affinis,6
pulmonaria-angustifolia,6
pulmonaria-longifolia,6
pulmonaria-mollis,5
pulmonaria-montana,5
pulmonaria-obscura,8
pulmonaria-officinalis,5
pulmonaria-saccharata,5
pulsatilla-alpina,6
pulsatilla-rubra,5
punica-granatum,5
pycnocomon-rutifolium,3
pyracantha-coccinea,4
pyrola-chlorantha,5
pyrola-media,6
pyrola-minor,6
pyrola-rotundifolia,7
pyrus-communis,5
pyrus-cordata,5
pyrus-nivalis,4
pyrus-spinosa,5
quercus-bicolor,5
quercus-canariensis,4
quercus-coccifera,4
quercus-coccinea,5
quercus-congesta,4
quercus-frainetto,4
quercus-helferiana,4
quercus-petraea,5
quercus-pubescens,4
quercus-robur,5
quercus-rubra,5
quercus-suber,4
radiola-linoides,7
ranunculus-aconitifolius,8
ranunculus-acris,5
ranunculus-aduncus,7
ranunculus-alnetorum,8
ranunculus-alpestris,7
ranunculus-amplexicaulis,6
ranunculus-aquatilis,9
ranunculus-arvensis,4
ranunculus-auricomus,6
ranunculus-bullatus,4
ranunculus-carinthiacus,6
ranunculus-cassubicus,8
ranunculus-chius,7
ranunculus-circinatus,9
ranunculus-clethraphilus,6
ranunculus-cordiger,7
ranunculus-flammula,8
ranunculus-fluitans,9
ranunculus-fontanus,8
ranunculus-gramineus,4
ranunculus-hederaceus,9
ranunculus-kuepferi,6
ranunculus-lateriflorus,7
ranunculus-lingua,9
ranunculus-macrophyllus,7
ranunculus-marginatus,7
ranunculus-marschlinsii,8
ranunculus-millefoliatus,4
ranunculus-minimus,8
ranunculus-monspeliacus,4
ranunculus-montanus,6
ranunculus-muricatus,8
ranunculus-nodiflorus,8
ranunculus-ololeucos,9
ranunculus-omiophyllus,9
ranunculus-ophioglossifolius,8
ranunculus-paludosus,6
ranunculus-parviflorus,5
ranunculus-peltatus,9
ranunculus-peltatus-subsp-baudotii,9
ranunculus-penicillatus,9
ranunculus-platanifolius,8
ranunculus-polyanthemos,4
ranunculus-pyrenaeus,6
ranunculus-repens,8
ranunculus-revelierei,8
ranunculus-rionii,9
ranunculus-sardous,8
ranunculus-sartorianus,5
ranunculus-sceleratus,8
ranunculus-thora,6
ranunculus-trichophyllus,9
ranunculus-trilobus,8
ranunculus-tripartitus,9
ranunculus-velutinus,7
raphanus-raphanistrum,5
raphanus-raphanistrum-subsp-sativus,5
rapistrum-perenne,3
rapistrum-rugosum,4
reichardia-picroides,3
reseda-alba,4
reseda-lutea,5
reseda-luteola,4
reseda-phyteuma,4
reynoutria-japonica,5
reynoutria-sachalinensis,5
rhamnus-alaternus,5
rhamnus-alpina,6
rhamnus-cathartica,6
rhamnus-lycioides,4
rhamnus-saxatilis,4
rhaponticum-canariense,5
rhinanthus-alectorolophus,7
rhinanthus-burnatii,5
rhinanthus-glacialis,6
rhododendron-ferrugineum,7
rhododendron-hirsutum,6
rhododendron-ponticum,6
rhus-coriaria,5
rhynchospora-alba,9
rhynchospora-fusca,8
ribes-alpinum,5
ribes-nigrum,8
ribes-petraeum,6
ribes-rubrum,8
ribes-sanguineum,6
ribes-uva-crispa,5
ricinus-communis,5
ridolfia-segetum,3
robinia-pseudoacacia,4
romulea-bulbocodium,5
romulea-columnae,5
romulea-corsica,3
romulea-ligustica,6
romulea-linaresii,3
romulea-ramiflora,6
romulea-requienii,6
romulea-revelieri,6
rorippa-amphibia,8
rorippa-austriaca,8
rorippa-islandica,9
rorippa-palustris,8
rorippa-pyrenaica,9
rorippa-sylvestris,8
rosa-abietina,5
rosa-agrestis,5
rosa-arvensis,6
rosa-caesia,5
rosa-canina,5
rosa-corymbifera,5
rosa-gallica,4
rosa-micrantha,5
rosa-mollis,4
rosa-montana,5
rosa-moschata,5
rosa-pendulina,5
rosa-pouzinii,5
rosa-rubiginosa,4
rosa-rugosa,7
rosa-sherardii,5
rosa-spinosissima,4
rosa-squarrosa,5
rosa-tomentosa,4
rubia-tinctorum,3
rubus-adscitus,6
rubus-affinis,6
rubus-allegheniensis,6
rubus-bifrons,6
rubus-boraeanus,6
rubus-caesius,6
rubus-chaerophyllus,6
rubus-chloocladus,6
rubus-chlorothyrsos,6
rubus-divaricatus,6
rubus-egregius,6
rubus-elegantispinosus,6
rubus-euryanthemus,6
rubus-foliosus,6
rubus-fuscus,6
rubus-genevieri,6
rubus-godronii,6
rubus-grabowskii,6
rubus-gracilis,6
rubus-gratus,6
rubus-gremlii,6
rubus-hirtus,6
rubus-hypomalacus,6
rubus-idaeus,6
rubus-infestus,6
rubus-koehleri,6
rubus-lentiginosus,6
rubus-leucandrus,6
rubus-macrophyllus,6
rubus-melanodermis,6
rubus-micans,6
rubus-mucronulatus,6
rubus-myricae,6
rubus-pallidus,6
rubus-pedatifolius,6
rubus-pedemontanus,6
rubus-pilocarpus,6
rubus-praecox,6
rubus-prei,6
rubus-questieri,6
rubus-radula,6
rubus-rosaceus,6
rubus-rudis,6
rubus-saxatilis,5
rubus-scaber,6
rubus-schleicheri,6
rubus-sciocharis,6
rubus-scissus,6
rubus-serpens,6
rubus-silvaticus,6
rubus-sprengelii,6
rubus-sulcatus,6
rubus-thyrsiflorus,6
rubus-ulmifolius,5
rubus-vallisparsus,6
rubus-vestitus,6
rudbeckia-hirta,7
rudbeckia-laciniata,7
rumex-abyssinicus,8
rumex-acetosa,5
rumex-acetosella,4
rumex-alpinus,6
rumex-angiocarpus,5
rumex-aquaticus,8
rumex-aquitanicus,6
rumex-bucephalophorus,4
rumex-conglomeratus,8
rumex-crispus,8
rumex-hydrolapathum,8
rumex-intermedius,5
rumex-longifolius,6
rumex-maritimus,8
rumex-obtusifolius,5
rumex-palustris,8
rumex-patientia,6
rumex-pulcher,4
rumex-roseus,4
rumex-rupestris,8
rumex-sanguineus,7
rumex-scutatus,5
rumex-thyrsiflorus,5
rumex-thyrsoides,4
rumex-tuberosus,3
ruppia-cirrhosa,9
ruppia-maritima,9
ruscus-aculeatus,4
ruscus-hypophyllum,4
ruta-angustifolia,3
ruta-chalepensis,3
ruta-corsica,5
ruta-graveolens,3
ruta-montana,3
rytidosperma-semiannulare,4
sagina-apetala,4
sagina-glabra,5
sagina-maritima,6
sagina-nivalis,7
sagina-nodosa,8
sagina-pilifera,5
sagina-procumbens,5
sagina-saginoides,7
salicornia-europaea,7
salicornia-europaea-subsp-disarticulata,7
salicornia-nitens,7
salicornia-perennans,7
salicornia-procumbens,8
salpichroa-origanifolia,4
salvia-aethiopis,3
salvia-glutinosa,7
salvia-officinalis,4
salvia-pratensis,4
salvia-sclarea,4
salvia-verbenaca,4
salvia-verticillata,3
salvinia-natans,9
sambucus-ebulus,6
sambucus-nigra,5
sambucus-racemosa,5
samolus-valerandi,8
sanguisorba-officinalis,7
sanicula-europaea,7
santolina-chamaecyparissus,1
santolina-corsica,4
santolina-decumbens,1
santolina-rosmarinifolia,1
santolina-villosa,1
santolina-virens,1
saponaria-officinalis,5
sarcocapnos-enneaphylla,3
sarracenia-purpurea,9
saussurea-alpina,6
saussurea-discolor,4
saxifraga-adscendens,5
saxifraga-aizoides,9
saxifraga-androsacea,7
saxifraga-aquatica,9
saxifraga-caesia,4
saxifraga-corsica,8
saxifraga-cuneifolia,7
saxifraga-geranioides,7
saxifraga-hirculus,9
saxifraga-hirsuta,7
saxifraga-mutata,9
saxifraga-rotundifolia,9
scabiosa-canescens,3
scabiosa-columbaria,3
scabiosa-lucida,5
scabiosa-triandra,5
scandix-australis,3
scandix-pecten-veneris,3
schenkia-spicata,7
scheuchzeria-palustris,9
schoenoplectus-lacustris,9
schoenoplectus-litoralis,8
schoenoplectus-pungens,8
schoenoplectus-tabernaemontani,8
schoenoplectus-triqueter,9
scilla-amoena,5
scilla-bifolia,6
scilla-lilio-hyacinthus,7
scilla-peruviana,7
scilla-siberica,6
scilla-verna,6
scirpoides-holoschoenus,8
scirpus-atrovirens,8
scirpus-georgianus,8
scleranthus-annuus,3
scleranthus-perennis,2
scleranthus-uncinatus,4
sclerochloa-dura,3
scolymus-grandiflorus,2
scolymus-hispanicus,2
scolymus-maculatus,1
scorpiurus-vermiculatus,3
scorzonera-aristata,4
scorzonera-hispanica-subsp-coronopifolia,3
scorzonera-humilis,8
scorzonera-parviflora,3
scorzoneroides-autumnalis,5
scorzoneroides-duboisii,9
scorzoneroides-montana,6
scorzoneroides-pyrenaica,6
scrophularia-alpestris,7
scrophularia-auriculata,8
scrophularia-lucida,3
scrophularia-nodosa,6
scrophularia-oblongifolia,8
scrophularia-peregrina,5
scrophularia-scorodonia,5
scrophularia-trifoliata,6
scrophularia-vernalis,5
scutellaria-alpina,6
scutellaria-altissima,4
scutellaria-columnae,4
scutellaria-galericulata,9
scutellaria-minor,8
secale-cereale,5
secale-montanum,5
securigera-securidaca,3
sedum-acre,4
sedum-album,3
sedum-alpestre,6
sedum-anglicum,3
sedum-brevifolium,3
sedum-cepaea,5
sedum-dasyphyllum,3
sedum-fragrans,6
sedum-litoreum,6
sedum-nevadense,9
sedum-rubens,3
sedum-villosum,9
selaginella-denticulata,5
selaginella-helvetica,7
selaginella-kraussiana,7
selaginella-selaginoides,9
selinum-carvifolia,8
sempervivum-globiferum,3
sempervivum-montanum,3
sempervivum-tectorum,3
senecio-bayonnensis,6
senecio-gallicus,3
senecio-glaucus-subsp-coronopifolius,5
senecio-hercynicus,8
senecio-inaequidens,4
senecio-isatidoides,7
senecio-lagascanus,4
senecio-ovatus-subsp-ovatus,8
senecio-rosinae,6
senecio-ruthenensis,4
senecio-santiagoensis,6
senecio-squalidus-subsp-rupestris,4
senecio-transiens,5
senecio-vernalis,3
senecio-vulgaris,5
serapias-lingua,5
serapias-neglecta,5
serapias-nurrica,5
serapias-olbia,5
serapias-parviflora,5
serapias-strictiflora,5
serapias-vomeracea,5
seriphidium-caerulescens-subsp-caerulescens,8
seriphidium-caerulescens-subsp-gallicum,5
serratula-tinctoria,7
sesamoides-minor,4
sesbania-exasperata,7
seseli-galloprovinciale,4
seseli-longifolium,4
seseli-montanum,5
seseli-peucedanoides,4
seseli-praecox,7
seseli-tortuosum,4
sesleria-argentea,5
sesleria-caerulea,7
sesleria-insularis,6
setaria-italica,4
setaria-verticillata,4
setaria-viridis,4
sherardia-arvensis,4
sibbaldia-procumbens,7
sibthorpia-europaea,9
sideritis-endressii,3
sideritis-fruticulosa,3
sideritis-hirsuta,3
sideritis-hyssopifolia,3
silaum-silaus,8
silene-acaulis,3
silene-baccifera,7
silene-badaroi,7
silene-catholica,4
silene-ciliata,4
silene-conoidea,3
silene-cretica,5
silene-dichotoma,4
silene-dioica,6
silene-italica,4
silene-latifolia,5
silene-linicola,5
silene-multicaulis,6
silene-muscipula,3
silene-nemoralis,6
silene-nicaeensis,5
silene-noctiflora,4
silene-nocturna,3
silene-nodulosa,4
silene-nutans,4
silene-paradoxa,5
silene-sedoides,5
silene-succulenta,4
silene-uniflora,7
silene-velutina,7
silene-viridiflora,4
silene-vulgaris,5
silybum-marianum,3
simethis-mattiazzii,6
sinapis-alba,5
sinapis-arvensis,4
sinapis-pubescens,3
sison-amomum,4
sison-segetum,5
sisymbrella-aspera,7
sisymbrium-altissimum,4
sisymbrium-austriacum,6
sisymbrium-irio,4
sisymbrium-loeselii,4
sisymbrium-officinale,4
sisymbrium-orientale,5
sisymbrium-polyceratium,3
sisymbrium-strictissimum,5
sisyrinchium-angustifolium,8
sisyrinchium-bermudiana,8
sisyrinchium-montanum,5
sium-latifolium,8
smyrnium-olusatrum,4
smyrnium-perfoliatum,3
solanum-dulcamara,8
solanum-linnaeanum,3
solanum-lycopersicum,5
solanum-nigrum,5
solanum-pseudocapsicum,4
solanum-sarachoides,4
solanum-sarrachoides,4
solanum-triflorum,7
solanum-tuberosum,5
solanum-virginianum,4
soldanella-alpina,9
soldanella-montana,9
soldanella-villosa,9
soleirolia-soleirolii,7
solenopsis-corsica,7
solenopsis-laurentia,7
solidago-canadensis,7
solidago-gigantea,7
solidago-virgaurea,4
sonchus-arvensis,5
sonchus-asper,5
sonchus-oleraceus,2
sonchus-palustris,8
sorbaria-sorbifolia,5
sorbaria-tomentosa,5
sorbus-aucuparia,5
sorghum-halepense,3
sparganium-angustifolium,9
sparganium-emersum,9
sparganium-erectum,8
spartium-junceum,4
spergula-arvensis,5
spergula-segetalis,7
spergula-tangerina,5
spergularia-diandra,6
spergularia-echinosperma,7
spergularia-heldreichii,6
spergularia-marina,7
spergularia-media,6
spergularia-nicaeensis,4
spergularia-rubra,4
spergularia-rupicola,8
sphenopus-divaricatus,5
spinacia-oleracea,5
spiraea-alba,7
spiraea-chamaedryfolia,5
spiraea-douglasii,7
spiraea-hypericifolia,5
spiraea-salicifolia,5
spiranthes-lucida,8
spirobassia-hirsuta,7
spirodela-polyrhiza,9
sporobolus-alopecuroides,9
sporobolus-indicus,4
sporobolus-pungens,5
stachys-alpina,7
stachys-annua,4
stachys-arvensis,4
stachys-byzantina,4
stachys-germanica,3
stachys-glutinosa,3
stachys-maritima,4
stachys-marrubiifolia,4
stachys-ocymastrum,5
stachys-palustris,8
stachys-recta,3
stachys-sylvatica,8
staehelina-dubia,4
staphylea-pinnata,5
stenotaphrum-secundatum,2
sternbergia-colchiciflora,4
sternbergia-lutea,4
stevia-rebaudiana,5
stipa-iberica,2
stipa-offneri,2
stipa-pennata,3
stipa-tenacissima,2
stoibrax-dichotomum,4
stratiotes-aloides,9
streptopus-amplexifolius,8
strigosella-africana,6
stuckenia-filiformis,9
stuckenia-pectinata,9
styphnolobium-japonicum,4
styrax-officinalis,5
suaeda-maritima,8
suaeda-spicata,7
suaeda-splendens,7
suaeda-vera,8
subularia-aquatica,9
succisa-pratensis,7
succisella-inflexa,7
succowia-balearica,7
swertia-perennis,8
symphoricarpos-albus,5
symphyotrichum-dumosum,8
symphyotrichum-laeve,6
symphyotrichum-lanceolatum,8
symphyotrichum-novae-angliae,8
symphyotrichum-novi-belgii,8
symphyotrichum-subulatum,8
symphyotrichum-subulatum-var-squamatum,6
symphytum-asperum,5
symphytum-bulbosum,6
symphytum-officinale,8
symphytum-orientale,7
symphytum-tuberosum,7
syringa-vulgaris,5
taeniatherum-caput-medusae,3
tagetes-minuta,4
tamarix-africana,6
tamarix-canariensis,6
tamarix-gallica,6
tamarix-parviflora,6
tamarix-ramosissima,6
tamarix-tetrandra,6
tanacetum-annuum,3
tanacetum-audibertii,5
tanacetum-balsamita,5
tanacetum-corymbosum,4
tanacetum-parthenium,5
tanacetum-vulgare,4
taraxacum-adamii,8
taraxacum-alatum,5
taraxacum-anglicum,8
taraxacum-angustisquameum,5
taraxacum-apenninum,7
taraxacum-bessarabicum,7
taraxacum-commixtum,5
taraxacum-cucullatum,7
taraxacum-dilatatum,5
taraxacum-disseminatum,5
taraxacum-ekmanii,5
taraxacum-fontanum,9
taraxacum-fulviforme,4
taraxacum-glauciniforme,5
taraxacum-hamatiforme,5
taraxacum-hamatum,5
taraxacum-hygrophilum,8
taraxacum-kernianum,5
taraxacum-lamprophyllum,6
taraxacum-lingulatum,5
taraxacum-marklundii,5
taraxacum-mediterraneum,3
taraxacum-nigricans,7
taraxacum-nordstedtii,8
taraxacum-obliquilobum,5
taraxacum-obovatum,5
taraxacum-palustre,8
taraxacum-pannulatum,5
taraxacum-placidum,5
taraxacum-polyodon,5
taraxacum-retroflexum,5
taraxacum-sellandii,5
taraxacum-serotinum,5
taraxacum-tenebricans,5
taraxacum-trilobatum,5
taraxacum-undulatum,5
taraxacum-vastisectum,5
taxodium-distichum,9
telekia-speciosa,7
tephroseris-balbisiana,7
tephroseris-helenitis,7
tephroseris-integrifolia,6
tephroseris-palustris,9
teucrium-aristatum,7
teucrium-aureum,3
teucrium-brachyandrum,3
teucrium-capitatum,4
teucrium-chamaedrys,2
teucrium-dunense,4
teucrium-fruticans,4
teucrium-marum,4
teucrium-massiliense,4
teucrium-montanum,3
teucrium-polium,5
teucrium-rouyanum,5
teucrium-scordium,8
teucrium-scorodonia,5
thalictrum-alpinum,8
thalictrum-aquilegifolium,8
thalictrum-aquilegiifolium,8
thalictrum-flavum,8
thalictrum-macrocarpum,9
thalictrum-minus,5
thalictrum-simplex,6
thapsia-villosa,4
theligonum-cynocrambe,4
thelypteris-limbosperma,8
thelypteris-palustris,9
thesium-alpinum,4
thesium-bavarum,4
thesium-divaricatum,3
thesium-italicum,4
thesium-kyrnosum,4
thesium-pyrenaicum,6
thuja-plicata,5
thymelaea-hirsuta,7
thymelaea-passerina,3
thymelaea-sanamunda,2
thymelaea-tinctoria,4
thymus-alpestris,4
thymus-dolomiticus,5
thymus-embergeri,3
thymus-herba-barona,4
thymus-nervosus,4
thymus-nitens,4
thymus-pulegioides,5
thymus-serpyllum,5
thymus-vulgaris,3
thysselinum-lancifolium,8
thysselinum-palustre,9
tilia-cordata,5
tilia-tomentosa,6
tofieldia-calyculata,8
tofieldia-pusilla,8
tolpis-virgata,3
toona-sinensis,4
tordylium-apulum,4
tordylium-maximum,5
torilis-africana,4
torilis-arvensis,4
torilis-japonica,5
torilis-leptophylla,4
torilis-nodosa,4
tozzia-alpina,9
trachelium-caeruleum,5
tradescantia-fluminensis,5
tragopogon-angustifolius,4
tragopogon-dubius,5
tragopogon-pratensis,5
trapa-natans,9
traunsteinera-globosa,6
tribulus-terrestris,3
trichophorum-alpinum,8
trichophorum-cespitosum,8
trichophorum-pumilum,8
trifolium-badium,6
trifolium-campestre,9
trifolium-diffusum,7
trifolium-dubium,5
trifolium-eximium,6
trifolium-fragiferum,8
trifolium-hirtum,5
trifolium-hybridum,7
trifolium-isthmocarpum,5
trifolium-lappaceum,7
trifolium-leucanthum,4
trifolium-medium,5
trifolium-michelianum,7
trifolium-pallescens,5
trifolium-pannonicum,3
trifolium-patens,7
trifolium-phleoides,5
trifolium-pignantii,4
trifolium-pratense,5
trifolium-repens,5
trifolium-resupinatum,7
trifolium-retusum,4
trifolium-spadiceum,9
trifolium-squamosum,7
trifolium-suffocatum,4
trifolium-thalii,6
trifolium-uniflorum,4
trifolium-vesiculosum,5
triglochin-barrelieri,8
triglochin-maritima,6
triglochin-maritimum,6
triglochin-palustris,8
trigonella-foenum-graecum,3
trinia-glauca,3
tripidium-ravennae,8
tripleurospermum-inodorum,5
tripleurospermum-maritimum,6
tripodion-tetraphyllum,3
tripogon-filiformis,4
tripolium-pannonicum,8
trisetum-flavescens,4
trisetum-spicatum,6
triticum-aestivum,3
triticum-compactum,3
triticum-monococcum,3
trocdaris-verticillatum,8
trochiscanthes-nodiflora,5
trollius-europaeus,8
tuberaria-lignosa,3
tulipa-agenensis,3
tulipa-clusiana,3
tulipa-gesneriana,3
tulipa-sylvestris-subsp-australis,3
turgenia-latifolia,4
turritis-glabra,5
tussilago-farfara,5
typha-angustifolia,9
typha-domingensis,8
typha-latifolia,8
typha-laxmannii,8
tyrimnus-leucographus,3
ulex-europaeus,5
ulex-gallii,6
ulex-minor,6
ulex-parviflorus,4
ulmus-glabra,7
ulmus-laevis,8
ulmus-minor,5
urospermum-dalechampii,4
urospermum-picroides,3
urtica-atrovirens,4
urtica-dioica,5
urtica-membranacea,4
urtica-pilulifera,4
urtica-urens,5
utricularia-australis,9
utricularia-bremii,9
utricularia-intermedia,9
utricularia-minor,9
utricularia-ochroleuca,9
utricularia-stygia,9
utricularia-vulgaris,9
vaccaria-hispanica,3
vaccinium-microcarpum,9
vaccinium-myrtillus,6
vaccinium-oxycoccos,9
vaccinium-uliginosum,7
vaccinium-vitis-idaea,5
valeriana-celtica,6
valeriana-dioica,8
valeriana-officinalis,8
valeriana-phu,8
valeriana-pyrenaica,7
vallisneria-spiralis,9
veratrum-album,8
veratrum-lobelianum,6
verbascum-blattaria,4
verbascum-boerhavii,3
verbascum-creticum,3
verbascum-densiflorum,4
verbascum-lychnitis,4
verbascum-nigrum,5
verbascum-orientale,3
verbascum-phlomoides,4
verbascum-pulverulentum,5
verbascum-sinuatum,3
verbascum-thapsus,4
verbascum-virgatum,4
verbena-officinalis,5
verbesina-encelioides,4
veronica-acinifolia,7
veronica-agrestis,5
veronica-allionii,6
veronica-alpina,7
veronica-anagallis-aquatica,9
veronica-anagalloides,8
veronica-aphylla,8
veronica-arvensis,5
veronica-beccabunga,9
veronica-bellidioides,5
veronica-catenata,9
veronica-chamaedrys,5
veronica-filiformis,5
veronica-fruticulosa,5
veronica-hederifolia,5
veronica-longifolia,8
veronica-montana,8
veronica-officinalis,5
veronica-opaca,5
veronica-peregrina,7
veronica-persica,5
veronica-polita,5
veronica-ponae,8
veronica-repens,8
veronica-scutellata,8
veronica-serpyllifolia,5
veronica-sublobata,6
veronica-teucrium,4
veronica-triloba,4
veronica-urticifolia,7
viburnum-lantana,4
viburnum-opulus,8
viburnum-tinus,4
vicia-altissima,5
vicia-articulata,5
vicia-benghalensis,4
vicia-bithynica,4
vicia-cassubica,5
vicia-cracca,6
vicia-disperma,4
vicia-dumetorum,7
vicia-ervilia,4
vicia-faba,5
vicia-hirsuta,5
vicia-lens,4
vicia-lutea,4
vicia-monantha,4
vicia-narbonensis,4
vicia-onobrychioides,4
vicia-orobus,5
vicia-pannonica,5
vicia-pisiformis,5
vicia-pyrenaica,6
vicia-sativa,6
vicia-sepium,5
vicia-sylvatica,7
vicia-tenuifolia,5
vicia-tetrasperma,5
vicia-villosa,5
vinca-difformis,4
vinca-minor,5
vincetoxicum-hirundinaria,4
vincetoxicum-nigrum,4
viscum-album,6
vitex-agnus-castus,7
vitis-labrusca,7
vitis-vinifera,6
vulpia-bromoides,3
vulpia-elliotea,4
vulpia-myuros,3
willemetia-stipitata,8
wisteria-sinensis,6
wolffia-arrhiza,9
xanthium-spinosum,4
xanthium-strumarium,7
xanthium-strumarium-subsp-brasilicum,5
zannichellia-obtusifolia,9
zannichellia-palustris,9
zannichellia-peltata,9
zea-mays,6
ziziphus-jujuba,3
zornia-apiculata,5
zostera-marina,9
zostera-noltii,9
zygophyllum-fabago,3
