slug,ffdm
picea-engelmannii,30
picea-engelmannii-subsp-mexicana,30
claytonia-perfoliata,40
claytonia-perfoliata-subsp-mexicana,40
claytonia-parviflora-subsp-viridis,40
claytonia-perfoliata-subsp-intermontana,40
polemonium-acutiflorum,47
solidago-multiradiata-subsp-multiradiata,47
papaver-gorodkovii,47
solidago-multiradiata-subsp-scopulorum,47
trifolium-hybridum,50
trifolium-hybridum-subsp-elegans,50
pinus-banksiana,50
abies-procera,50
galium-aparine,60
erigeron-canadensis,60
juncus-bufonius,60
juncus-hybridus,60
abies-grandis,60
poa-infirma,60
picea-mariana,60
rhododendron-lapponicum,60
juncus-ranarius,60
boechera-stricta,60
carex-obnupta,60
fritillaria-pudica,60
boechera-holboellii,60
amelanchier-alnifolia-var-semiintegrifolia,60
larix-occidentalis,60
cardamine-umbellata,60
carex-aperta,60
cruciata-taurica-subsp-glaberrima,60
sorghum-bicolor-subsp-bicolor,60
galium-spurium-subsp-spurium,60
quercus-garryana,63
quercus-garryana-var-fruticosa,63
quercus-garryana-var-semota,63
pseudotsuga-menziesii-var-glauca,65
juncus-jacquinii,65
hypericum-anagalloides,65
juncus-castaneus-subsp-leucochlamys,65
bromus-rubens-subsp-rubens,65
juncus-castaneus-subsp-castaneus,65
juncus-castaneus-ssp-castaneus-var-castaneus,65
symphyotrichum-lanceolatum-ssp-lanceolatum-var-hirsuticaule,65
populus-tremuloides,70
cleomella-serrulata,70
juncus-drummondii,70
fendlera-rupicola,70
artemisia-rigida,70
populus-tristis,70
larix-laricina,73
populus-balsamifera,75
cassiope-tetragona,75
castilleja-coccinea,75
cardamine-pensylvanica,75
cassiope-tetragona-subsp-saximontana,75
populus-balsamifera-var-californica,75
rosa-pisocarpa,77
rosa-pisocarpa-subsp-ahartii,77
avenella-flexuosa,80
vicia-sativa,80
caltha-palustris,80
bistorta-vivipara,80
vicia-sativa-subsp-nigra,80
trichophorum-cespitosum,80
carex-vesicaria,80
solidago-canadensis,80
vulpia-myuros,80
carex-flava,80
betula-nana,80
helianthus-annuus,80
carex-demissa,80
carex-oederi-var-oederi,80
schoenoplectus-tabernaemontani,80
bidens-pilosa,80
carex-lepidocarpa,80
carex-capillaris,80
utricularia-minor,80
circaea-alpina,80
ranunculus-minimus,80
bromus-catharticus,80
carex-bigelowii,80
acer-rubrum,80
erigeron-uniflorus,80
tsuga-canadensis,80
acer-saccharum,80
tilia-americana,80
juncus-biglumis,80
ulmus-americana,80
callitriche-hermaphroditica,80
distichlis-spicata,80
abies-balsamea,80
carex-stipata,80
cinna-latifolia,80
carex-scirpoidea,80
carex-dacica,80
sambucus-cerulea,80
abies-concolor,80
acalypha-virginica,80
alisma-gramineum,80
betula-glandulosa,80
carex-echinata-subsp-echinata,80
hordeum-pusillum,80
betula-pendula-subsp-mandshurica,80
erigeron-compositus,80
carex-praegracilis,80
alnus-alnobetula-subsp-crispa,80
eleocharis-parvula,80
carex-interior,80
sphenopholis-obtusata,80
solidago-lepida,80
juncus-ensifolius,80
symphyotrichum-patens,80
veronica-wormskjoldii,80
bistorta-bistortoides,80
caltha-leptosepala,80
fraxinus-nigra,80
carex-projecta,80
carex-bebbii,80
solidago-lepida-var-salebrosa,80
betula-occidentalis,80
epilobium-leptophyllum,80
scirpus-pendulus,80
boechera-divaricarpa,80
sphenopholis-intermedia,80
carex-scopulorum,80
pinus-hartwegii,80
erigeron-peregrinus,80
cyperus-acuminatus,80
vicia-sativa-subsp-amphicarpa,80
danthonia-intermedia,80
vicia-sativa-subsp-cordata,80
juncus-longistylis,80
schljakovianthus-quadrilobus,80
juncus-parryi,80
scirpus-georgianus,80
galium-trifidum-subsp-columbianum,80
betula-cordifolia,80
carpinus-caroliniana-subsp-virginiana,80
boltonia-diffusa,80
chylismia-cardiophylla,80
juncus-canadensis,80
circaea-alpina-subsp-pacifica,80
eleocharis-microcarpa,80
geum-rossii-var-turbinatum,80
carex-krausei,80
cordylanthus-ramosus,80
scirpus-pallidus,80
trifolium-macrocephalum,80
vicia-sativa-subsp-macrocarpa,80
galium-trifidum-subsp-trifidum,80
carex-capillaris-subsp-fuscidula,80
astragalus-purshii-var-tinctus,80
carex-echinata-subsp-phyllomanica,80
astragalus-purshii-var-glareosus,80
solidago-canadensis-var-hargeri,80
carpinus-tropicalis,80
hordeum-euclaston,80
carex-scirpoidea-var-pseudoscirpoidea,80
caltha-leptosepala-subsp-howellii,80
galium-trifidum-subsp-subbiflorum,80
myosurus-minimus-subsp-minimus,80
acer-saccharum-var-schneckii,80
carex-chlorostachys,80
acer-pycnanthum,80
astragalus-purshii-var-lectulus,80
galium-domingense,80
galium-antarcticum,80
astragalus-purshii-var-lagopinus,80
cirsium-foliosum,80
cordylanthus-eremicus,80
myosurus-apetalus-var-montanus,80
galium-trifidum-subsp-halophilum,80
carex-magellanica-subsp-magellanica,80
astragalus-purshii-var-concinnus,80
boltonia-asteroides-var-asteroides,80
betula-lenta-f-uber,80
chylismia-cardiophylla-subsp-robusta,80
carex-boecheriana,80
astragalus-purshii-var-ophiogenes,80
carex-capillaris-var-major,80
erigeron-peregrinus-var-thompsonii,80
androsace-laevigata,80
astragalus-purshii-var-pumilio,80
carex-krausei-subsp-porsildiana,80
carex-rostrata-var-ambigens,80
vicia-sativa-var-nigra,80
helianthus-annuus-var-californicus,80
helianthus-annuus-var-intermedius,80
carpinus-caroliniana,80
callitriche-heterophylla,80
astragalus-purshii-var-purshii,80
helianthus-annuus-var-uniflorus,80
carex-scirpoidea-var-convoluta,80
acer-saccharum-subsp-leucoderme,80
acer-saccharum-var-sinuosum,80
acer-saccharum-subsp-floridanum,80
athyrium-filix-femina-568f3749-10f9-4e31-a0fe-fb7129b201f2,80
carex-scirpoidea-var-stenochlaena,80
adiantum-aleuticum,80
carex-viridula-ssp-brachyrrhyncha-var-saxilittoralis,80
helianthus-annuus-var-gallardiflorus,80
helianthus-annuus-var-vinossissimus,80
helianthus-annuus-var-bicolor,80
acer-saccharum-var-quinqueelobulatum,80
ranunculus-x-alopecuroides,80
helianthus-annuus-var-armavirskij,80
trichophorum-caespitosum-var-callosum,80
acer-saccharum-var-rugellii,80
athyrium-filix-femina-ssp-cyclosorum,80
symphyotrichum-lanceolatum-ssp-hesperium-var-hesperium,80
erigeron-peregrinus-ssp-callianthemus-var-hirsutus,80
carex-lenticularis-var-lenticularis,80
helianthus-annuus-var-zonatus,80
acer-saccharum-subsp-grandidentatum,80
carex-viridula-ssp-brachyrrhyncha-var-elatior,80
erigeron-peregrinus-ssp-peregrinus-var-thompsonii,80
caltha-leptosepala-ssp-leptosepala-var-leptosepala,80
athyrium-filix-femina-ssp-asplenioides,80
erigeron-peregrinus-ssp-peregrinus-var-dawsonii,80
myosurus-apetalus-var-borealis,80
caltha-leptosepala-ssp-leptosepala-var-sulfurea,80
athyrium-filix-femina-ssp-angustum,80
erigeron-peregrinus-ssp-peregrinus-var-peregrinus,80
erigeron-peregrinus-ssp-callianthemus-var-callianthemus,80
plantago-major,85
juncus-tenuis,85
botrychium-lunaria,85
bidens-cernua,85
plantago-uliginosa-subsp-uliginosa,85
chimaphila-umbellata,85
carex-canescens-subsp-canescens,85
botrypus-virginianus-subsp-virginianus,85
carex-intumescens,85
spiranthes-romanzoffiana,85
clematis-virginiana,85
juncus-torreyi,85
vaccinium-membranaceum,85
carex-tribuloides,85
kalmia-polifolia,85
castilleja-angustifolia,85
amelanchier-laevis,85
carex-microptera,85
galium-circaezans,85
carex-grayi,85
carex-atherodes,85
carex-annectens,85
carex-tenera,85
carex-leptonervia,85
carex-normalis,85
kalmia-microphylla,85
carex-athrostachya,85
carex-nebrascensis,85
ranunculus-alismifolius,85
carex-scabrata,85
aralia-cordata,85
bromus-kalmii,85
carex-douglasii,85
carex-lapponica,85
carex-molesta,85
carex-glaucescens,85
botrychium-minganense,85
carex-canescens-subsp-disjuncta,85
carex-hyalinolepis,85
carex-raynoldsii,85
carex-luzulina,85
muhlenbergia-cuspidata,85
juncus-confusus,85
eucephalus-engelmannii,85
juncus-secundus,85
carex-trichocarpa,85
carex-simulata,85
carex-baileyi,85
carex-breweri,85
primula-incana,85
ranunculus-alismifolius-var-alismellus,85
ranunculus-alismifolius-var-montanus,85
carex-trisperma-var-billingsii,85
bidens-campylotheca-subsp-pentamera,85
ranunculus-alismifolius-var-davisii,85
carex-arctiformis,85
carex-trisperma-var-trisperma,85
botrychium-virginianum-subsp-europaeum,85
kalmia-polifolia-subsp-occidentalis,85
kalmia-microphylla-subsp-occidentalis,85
rubus-idaeus,88
rubus-idaeus-subsp-strigosus,88
ribes-viscosissimum,88
sorbus-decora,88
ribes-viscosissimum-var-hallii,88
crataegus-erythropoda,89
psychotria-hathewayi,89
festuca-rubra,90
betula-pendula,90
elymus-repens,90
pteridium-aquilinum,90
epilobium-angustifolium,90
phleum-pratense,90
frangula-alnus,90
hordeum-vulgare,90
festuca-ovina,90
zea-mays,90
medicago-sativa,90
vaccinium-uliginosum,90
empetrum-nigrum,90
poterium-sanguisorba-subsp-sanguisorba,90
cichorium-intybus,90
ranunculus-sceleratus,90
potamogeton-natans,90
juniperus-communis-var-communis,90
larix-decidua,90
populus-alba,90
bromus-hordeaceus-subsp-hordeaceus,90
poa-compressa,90
rubus-chamaemorus,90
potamogeton-perfoliatus,90
onobrychis-viciifolia,90
medicago-falcata,90
phleum-alpinum,90
juniperus-communis-var-saxatilis,90
potamogeton-gramineus,90
callitriche-palustris,90
erigeron-annuus,90
pinus-mugo,90
pinus-strobus,90
cornus-sericea,90
polypogon-monspeliensis,90
trisetum-spicatum,90
potamogeton-nodosus,90
juncus-balticus,90
cyperus-esculentus,90
festuca-trachyphylla,90
elymus-violaceus,90
poterium-verrucosum,90
chaenomeles-japonica,90
sagina-saginoides,90
calamagrostis-stricta,90
croptilon-divaricatum,90
poterium-sanguisorba-subsp-polygamum,90
elymus-elymoides,90
thinopyrum-intermedium,90
coreopsis-tinctoria,90
platanthera-dilatata,90
fraxinus-americana,90
rubus-odoratus,90
agropyron-cristatum,90
ratibida-columnifera,90
asperula-tinctoria,90
cyperus-flavescens,90
lonicera-involucrata,90
elymus-canadensis,90
acer-pensylvanicum,90
crataegus-crus-galli,90
eurybia-macrophylla,90
juncus-marginatus,90
halerpestes-cymbalaria,90
pinus-albicaulis,90
antennaria-howellii,90
carex-leptalea,90
equisetum-laevigatum,90
artemisia-frigida,90
prunus-pensylvanica,90
echinacea-purpurea,90
asclepias-speciosa,90
solidago-missouriensis,90
tilesia-baccata,90
bouteloua-hirsuta,90
dalea-candida,90
lepidium-nitidum,90
populus-grandidentata,90
ulmus-rubra,90
spiranthes-cernua,90
leymus-cinereus,90
carex-deweyana,90
erigeron-strigosus-var-septentrionalis,90
symphyotrichum-puniceum,90
carex-cephalophora,90
festuca-richardsonii,90
ulmus-pumila,90
pedicularis-groenlandica,90
quercus-kelloggii,90
juniperus-horizontalis,90
sorghum-arundinaceum,90
oxytropis-lambertii,90
arnica-chamissonis,90
picea-rubens,90
betula-populifolia,90
cyperus-erythrorhizos,90
cardamine-bulbosa,90
juniperus-communis-var-depressa,90
alnus-alnobetula-subsp-sinuata,90
arnica-latifolia,90
vallisneria-americana,90
deschampsia-elongata,90
pinus-flexilis,90
juncus-interior,90
sorbus-americana,90
linanthus-pungens,90
symphyotrichum-foliaceum,90
cornus-rugosa,90
lepidium-montanum,90
zea-mexicana,90
carex-lacustris,90
platanthera-dilatata-var-leucostachys,90
ribes-hudsonianum,90
ranunculus-eschscholtzii,90
echinacea-pallida,90
panicum-sumatrense,90
cercocarpus-ledifolius,90
echinacea-angustifolia,90
festuca-rivularis,90
catalpa-speciosa,90
potamogeton-zosteriformis,90
danthonia-californica,90
leymus-condensatus,90
trifolium-wormskioldii,90
carex-filifolia,90
muhlenbergia-montana,90
alisma-subcordatum,90
physocarpus-capitatus,90
erigeron-strigosus-var-strigosus,90
populus-deltoides-subsp-monilifera,90
pteridium-caudatum,90
galium-obtusum,90
psathyrostachys-juncea,90
prunus-tenella,90
artemisia-tridentata,90
elymus-longifolius,90
artemisia-tridentata-subsp-wyomingensis,90
hypericum-boreale,90
artemisia-cana,90
artemisia-arbuscula,90
potamogeton-robbinsii,90
desmodium-perplexum,90
nassella-viridula,90
trisetum-canescens,90
corylus-cornuta-subsp-californica,90
polemonium-occidentale,90
artemisia-tridentata-subsp-vaseyana,90
eleocharis-compressa,90
zea-mays-subsp-parviglumis,90
antennaria-howellii-subsp-canadensis,90
dryas-drummondii,90
cycnium-tubulosum,90
melica-subulata,90
artemisia-nova,90
danthonia-compressa,90
botrychium-lanceolatum-subsp-angustisegmentum,90
iliamna-rivularis,90
antennaria-luzuloides,90
phlox-bifida,90
lepidium-alyssoides,90
leymus-angustus,90
stipa-lettermanii,90
carex-leptopoda,90
festuca-rubra-subsp-megastachys,90
oxytropis-splendens,90
abies-fraseri,90
elymus-elymoides-subsp-californicus,90
oenothera-pilosella,90
corylus-cornuta-subsp-cornuta,90
hedysarum-sulphurescens,90
spiranthes-incurva,90
carex-torta,90
acer-nipponicum,90
eleocharis-equisetoides,90
cercocarpus-intricatus,90
lonicera-involucrata-var-ledebourii,90
festuca-viridula,90
festuca-subulata,90
antennaria-argentea,90
downingia-bicornuta,90
artemisia-tripartita,90
festuca-campestris,90
larix-lyallii,90
aster-alpinus-subsp-alpinus,90
thinopyrum-intermedium-subsp-barbulatum,90
phlox-bifida-subsp-stellaria,90
artemisia-rothrockii,90
platanthera-dilatata-var-albiflora,90
lachnagrostis-rudis,90
juncus-arcticus-subsp-alaskanus,90
aster-alpinus-var-vierhapperi,90
artemisia-spiciformis,90
acer-tataricum-subsp-aidzuense,90
elymus-repens-subsp-elongatiformis,90
carex-leptalea-subsp-harperi,90
hyparrhenia-dichroa,90
sorghum-virgatum,90
oxytropis-lambertii-var-bigelovii,90
abies-magnifica-var-shastensis,90
festuca-prolifera,90
eleocharis-compressa-var-acutisquamata,90
cercocarpus-montanus-var-blancheae,90
acer-tataricum-subsp-semenovii,90
medicago-brachycarpa,90
artemisia-cana-subsp-bolanderi,90
bouteloua-pectinata,90
artemisia-tridentata-subsp-parishii,90
pyrrocoma-hirta,90
phlox-oklahomensis,90
galium-obtusum-subsp-filifolium,90
trifolium-mucronatum-subsp-lacerum,90
lepidium-integrifolium,90
lepidium-davisii,90
artemisia-arbuscula-subsp-longiloba,90
ranunculus-eximius,90
trifolium-pinetorum,90
pinus-cembroides-var-bicolor,90
lepidium-crenatum,90
botrychium-lanceolatum-subsp-lanceolatum,90
hordeum-aegiceras,90
elymus-bakeri,90
perezia-multiflora-subsp-sonchifolia,90
linanthus-pungens-subsp-hallii,90
linanthus-pungens-subsp-hookeri,90
artemisia-cana-subsp-viscidula,90
bromus-biebersteinii,90
ranunculus-sceleratus-var-multifidus,90
antennaria-luzuloides-subsp-aberrans,90
elymus-hordeoides,90
artemisia-arbuscula-subsp-thermopola,90
cichorium-intybus-var-sativum,90
juniperus-communis-var-megistocarpa,90
lepidium-barnebyanum,90
oenothera-pilosella-subsp-sessilis,90
oxytropis-lambertii-var-articulata,90
lupinus-elmeri,90
artemisia-arbuscula-subsp-longicaulis,90
populus-alba-subsp-pyramidalis,90
pyrrocoma-hirta-var-lanulosa,90
artemisia-tripartita-subsp-rupicola,90
eriophorum-gracile-subsp-gracile,90
polemonium-occidentale-subsp-lacustre,90
pyrrocoma-hirta-var-sonchifolia,90
prunus-pensylvanica-var-saximontana,90
trifolium-siskiyouense,90
dryas-drummondii-var-tomentosa,90
carex-leptalea-subsp-pacifica,90
dryas-drummondii-var-eglandulosa,90
linanthus-pungens-subsp-hazeliae,90
abies-magnifica,90
acer-tataricum,90
cercocarpus-montanus,90
medicago-x-varia,90
populus-x-canadensis,90
pteridium-pubescens,90
achnatherum-lemmonii-subsp-lemmonii,90
pseudoroegneria-spicata,90
sorghum-x-drummondii,90
agrostis-microphylla,90
agropyron-fragile,90
forsythia-x-intermedia,90
sorghum-bicolor-subsp-arundinaceum,90
sorghum-bicolor-var-bicolor-×-bicolor-var-sudanense,90
penstemon-lyallii,90
coreopsis-tinctoria-var-imminuta,90
artemisia-tridentata-subsp-xbonnevillensis,90
pteridium-decompositum,90
festuca-rubra-subsp-falax,90
zea-mays-ssp-parviglumis-var-huehuetenangensis,90
cyperus-esculentus-var-hermannii,90
agropyron-fragile-subsp-mongolicum,90
arnica-chamissonis-ssp-chamissonis-var-interior,90
arnica-chamissonis-ssp-chamissonis-var-chamissonis,90
medicago-sativa-ssp-xtunetana,90
festuca-rubra-ssp-rubra-var-planifolia,90
atriplex-×aptera,90
arnica-chamissonis-ssp-foliosa-var-bernardina,90
agropyron-desertorum,90
arnica-chamissonis-ssp-foliosa-var-maguirei,90
arnica-chamissonis-ssp-foliosa-var-andina,90
agropyron-cristatum-ssp-pectinatum-var-imbricatum,90
galium-obtusum-subsp-australe,90
arnica-chamissonis-ssp-foliosa-var-incana,90
platanthera-dilatata-var-leucostachys-×-yosemitensis,90
fagus-grandifolia,92
betula-pubescens,95
juncus-articulatus,95
scolochloa-festucacea,95
geum-rivale,95
carex-caryophyllea,95
myrica-gale,95
impatiens-capensis,95
persicaria-hydropiperoides,95
solidago-rugosa,95
carex-blanda,95
betula-pubescens-var-pumila,95
shepherdia-canadensis,95
persicaria-pensylvanica,95
linum-lewisii,95
collinsia-parviflora,95
rosa-palustris,95
sparganium-americanum,95
zizania-aquatica,95
sparganium-eurycarpum,95
mauranthemum-paludosum,95
carex-prasina,95
solidago-rugosa-var-aspera,95
carex-hormathodes,95
juncus-brachycephalus,95
zizania-palustris,95
carex-straminea,95
crepis-modocensis,95
mentzelia-decapetala,95
psorothamnus-emoryi-var-arenarius,95
solidago-rugosa-var-sphagnophila,95
zizania-aquatica-var-interior,95
hypericum-aviculariifolium,95
crepis-modocensis-subsp-rostrata,95
linum-lewisii-var-lepagei,95
solidago-rugosa-subsp-villosa,95
crepis-modocensis-subsp-subacaulis,95
linum-lewisii-var-alpicola,95
crepis-modocensis-subsp-glareosa,95
polygonum-pensylvanicum-subsp-oneillii,95
betula-xalpestris-var-xsukaczewii,95
triticum-aestivum,100
deschampsia-cespitosa,100
equisetum-arvense,100
picea-abies,100
ranunculus-flammula,100
acer-platanoides,100
equisetum-fluviatile,100
taraxacum-officinale,100
eriophorum-angustifolium,100
typha-latifolia,100
lemna-minor,100
eleocharis-palustris,100
pinus-nigra-subsp-nigra,100
menyanthes-trifoliata,100
alnus-incana,100
equisetum-sylvaticum,100
mentha-arvensis,100
carex-acuta,100
malus-pumila,100
quercus-rubra,100
phytolacca-americana,100
malus-sylvestris,100
agrostis-gigantea,100
acer-negundo,100
vicia-villosa,100
spinulum-annotinum-subsp-annotinum,100
medicago-polymorpha,100
hippophae-rhamnoides,100
potamogeton-crispus,100
lathyrus-tuberosus,100
phacelia-tanacetifolia,100
helianthus-tuberosus,100
oxyria-digyna,100
panicum-dichotomiflorum,100
osmundastrum-cinnamomeum,100
orthotrichum-lyellii,100
apocynum-cannabinum,100
cotoneaster-horizontalis,100
sambucus-canadensis,100
thuja-occidentalis,100
pinus-contorta,100
artemisia-ludoviciana,100
cyperus-polystachyos,100
platanus-occidentalis,100
rubus-nutkanus,100
glyceria-striata,100
elaeagnus-angustifolia,100
vicia-villosa-subsp-varia,100
ostrya-virginiana,100
vaccinium-corymbosum,100
rosa-carolina,100
rudbeckia-laciniata,100
geum-macrophyllum,100
astragalus-lentiginosus,100
carex-utriculata,100
mentha-canadensis,100
phlox-divaricata,100
mertensia-virginica,100
physocarpus-opulifolius,100
vaccinium-angustifolium,100
cyperus-strigosus,100
boehmeria-cylindrica,100
acer-spicatum,100
drymocallis-glandulosa,100
symphyotrichum-laeve,100
veronica-americana,100
nuphar-pumila,100
spiraea-douglasii,100
geum-triflorum,100
gaylussacia-baccata,100
potamogeton-epihydrus,100
malus-sylvestris-subsp-orientalis,100
helenium-autumnale,100
hordeum-brachyantherum,100
prunus-americana,100
vaccinium-cespitosum,100
solidago-rigida,100
alnus-incana-subsp-rugosa,100
beckmannia-syzigachne,100
ligustrum-japonicum,100
dulichium-arundinaceum,100
vaccinium-ovalifolium,100
chaenactis-douglasii,100
tradescantia-virginiana,100
spiraea-betulifolia,100
malus-sieboldii-subsp-sieboldii,100
eragrostis-spectabilis,100
purshia-tridentata,100
calocedrus-decurrens,100
gaillardia-aristata,100
engelmannia-peristenia,100
malus-baccata,100
geranium-richardsonii,100
potentilla-diversifolia,100
phacelia-hastata,100
nuphar-variegata,100
glyceria-canadensis,100
ratibida-pinnata,100
nuphar-advena,100
elaeagnus-commutata,100
festuca-subverticillata,100
eleocharis-erythropoda,100
triticum-aestivum-subsp-spelta,100
potentilla-gracilis-var-fastigiata,100
elymus-lanceolatus,100
hypericum-gentianoides,100
drymocallis-arguta,100
alnus-incana-subsp-tenuifolia,100
pachysandra-terminalis,100
diplachne-fusca-subsp-fascicularis,100
muhlenbergia-mexicana,100
phlox-subulata,100
symphoricarpos-rotundifolius,100
taraxacum-ceratophorum,100
cephalotaxus-harringtonia,100
amelanchier-alnifolia,100
lithospermum-ruderale,100
malus-coronaria,100
vicia-villosa-subsp-ambigua,100
sporobolus-compositus,100
gentiana-andrewsii,100
mertensia-ciliata,100
juncus-mertensianus,100
camassia-scilloides,100
veratrum-californicum,100
pyrus-ussuriensis,100
viburnum-rafinesquianum,100
hypericum-prolificum,100
epilobium-coloratum,100
eleocharis-rostellata,100
muhlenbergia-glomerata,100
juncus-nevadensis,100
erythranthe-primuloides,100
acer-negundo-var-interior,100
malus-hupehensis,100
muhlenbergia-frondosa,100
prunus-fruticosa,100
bromus-anomalus,100
primula-pauciflora,100
potentilla-pulcherrima,100
cotoneaster-salicifolius,100
muhlenbergia-racemosa,100
festuca-occidentalis,100
malus-angustifolia,100
linum-striatum,100
penstemon-fruticosus,100
poa-sylvestris,100
alnus-incana-subsp-kolaensis,100
forsythia-suspensa,100
artemisia-ludoviciana-subsp-mexicana,100
vicia-villosa-subsp-eriocarpa,100
sporobolus-heterolepis,100
muhlenbergia-uniflora,100
phlox-divaricata-subsp-laphamii,100
glyceria-melicaria,100
potentilla-gracilis,100
malus-prunifolia,100
artemisia-ludoviciana-subsp-incompta,100
bromus-vulgaris,100
solidago-patula,100
symphyotrichum-prenanthoides,100
geum-triflorum-var-ciliatum,100
gentiana-clausa,100
spiraea-rosthornii,100
arnica-longifolia,100
arnica-fulgens,100
stipa-thurberiana,100
penstemon-glaber,100
clarkia-gracilis,100
spiraea-betulifolia-var-lucida,100
eriophorum-angustifolium-subsp-triste,100
calamagrostis-rubescens,100
poa-paucispicula,100
poa-leptocoma,100
vaccinium-scoparium,100
oenothera-flava,100
potentilla-pectinisecta,100
perideridia-parishii,100
drymocallis-glandulosa-subsp-pseudorupestris,100
deschampsia-cespitosa-subsp-septentrionalis,100
geum-macrophyllum-var-perincisum,100
valeriana-occidentalis,100
arnica-lanceolata-subsp-prima,100
sphaeralcea-grossulariifolia,100
drymocallis-arguta-subsp-convallaria,100
artemisia-ludoviciana-subsp-albula,100
acer-negundo-var-californicum,100
drymocallis-glandulosa-subsp-nevadensis,100
solidago-rigida-subsp-humilis,100
deschampsia-cespitosa-subsp-parviflora,100
carduus-carlinoides-subsp-carlinoides,100
nemophila-maculata,100
artemisia-furcata,100
quercus-texana,100
potentilla-gracilis-var-flabelliformis,100
malus-toringoides,100
amorpha-californica,100
carex-angustata,100
malus-sylvestris-subsp-praecox,100
alopecurus-geniculatus-var-geniculatus,100
malus-kansuensis,100
spiraea-douglasii-subsp-menziesii,100
eleocharis-palustris-var-vigens,100
malus-transitoria,100
drymocallis-glandulosa-subsp-reflexa,100
cirsium-parryi,100
acer-negundo-var-texanum,100
sisyrinchium-demissum,100
prunus-tomentosa,100
phacelia-hastata-var-compacta,100
prunus-pumila-var-besseyi,100
leymus-salina,100
perideridia-parishii-subsp-latifolia,100
malus-asiatica,100
artemisia-ludoviciana-subsp-candicans,100
penstemon-deustus-var-pedicellatus,100
malus-rockii,100
orthocarpus-tenuifolius,100
viburnum-rafinesqueanum,100
symphoricarpos-rotundifolius-var-parishii,100
penstemon-deustus,100
acer-negundo-var-violaceum,100
malus-spectabilis,100
rudbeckia-laciniata-var-ampla,100
amelanchier-pumila,100
penstemon-fruticosus-var-scouleri,100
leymus-ambiguus,100
malus-x-purpurea,100
malus-halliana,100
deschampsia-cespitosa-subsp-holciformis,100
ostrya-knowltonii,100
phacelia-leptosepala,100
malus-ombrophila,100
allium-douglasii,100
muhlenbergia-sylvatica,100
balsamorhiza-macrophylla,100
acer-negundo-var-mexicanum,100
poa-sinaica,100
malus-sikkimensis,100
ptilagrostis-kingii,100
penstemon-sudans,100
dendrophorbium-amplexicaule,100
drymocallis-glandulosa-subsp-glabrata,100
gentiana-andrewsii-var-dakotica,100
artemisia-ludoviciana-subsp-lindleyana,100
mertensia-ciliata-var-stomatechoides,100
potentilla-gracilis-var-brunnescens,100
nuphar-sagittifolia,100
penstemon-deustus-var-variabilis,100
solidago-rigida-subsp-glabrata,100
clarkia-gracilis-subsp-albicaulis,100
malus-komarovii,100
veratrum-californicum-var-caudatum,100
argyrochosma-limitanea-subsp-mexicana,100
clarkia-gracilis-subsp-sonomensis,100
penstemon-glaber-var-alpinus,100
phytolacca-americana-var-rigida,100
lycopodium-dubium,100
penstemon-deustus-var-suffrutescens,100
spiraea-betulifolia-var-corymbosa,100
malus-honanensis,100
potentilla-diversifolia-var-perdissecta,100
penstemon-glaber-var-brandegeei,100
penstemon-fruticosus-var-serratus,100
drymocallis-glandulosa-subsp-hansenii,100
artemisia-ludoviciana-subsp-redolens,100
drymocallis-glandulosa-subsp-ashlandica,100
acer-grandidentatum-var-grandidentatum,100
carduus-carlinoides-subsp-hispanicus,100
potamogeton-foliosus-subsp-fibrillosus,100
phacelia-hastata-var-dasyphylla,100
erythranthe-linearifolia,100
malus-leiocalyca,100
geum-triflorum-var-campanulatum,100
drymocallis-glandulosa-subsp-ewanii,100
rudbeckia-laciniata-var-humilis,100
phlox-subulata-subsp-brittonii,100
clarkia-gracilis-subsp-tracyi,100
dulichium-arundinaceum-var-boreale,100
drymocallis-glandulosa-subsp-globosa,100
drymocallis-glandulosa-subsp-arizonica,100
cotoneaster-floccosus,100
malus-daochengensis,100
taraxacum-mexicanum,100
quercus-macrocarpa-var-depressa,100
malus-spontanea,100
potentilla-diversifolia-var-ranunculus,100
artemisia-ludoviciana-subsp-estesii,100
potentilla-gracilis-var-owyheensis,100
malus-sieversii-var-turkmenorum,100
quercus-macrocarpa-var-macrocarpa,100
geum-triflorum-var-canescens,100
rudbeckia-laciniata-var-heterophylla,100
phacelia-hastata-var-charlestonensis,100
drymocallis-glandulosa-subsp-micropetala,100
phlox-subulata-subsp-australis,100
malus-angustifolia-var-puberula,100
rudbeckia-laciniata-var-bipinnata,100
taraxacum-subspathulatum,100
malus-baccata-var-gracilis,100
drymocallis-lactea-var-austinae,100
malus-chitralensis,100
chaenactis-douglasii-var-rubricaulis,100
mollugo-nudicaulis-var-nudicaulis,100
astragalus-mollissimus-var-mollissimus,100
malus-x-floribunda,100
nuphar-orbiculata,100
nuphar-ulvacea,100
nuphar-x-rubrodisca,100
malus-jinxianensis,100
malus-yunnanensis,100
malus-x-zumi,100
amelanchier-alnifolia-var-semi-integrifolia,100
taraxacum-officinale-var-palustre,100
chaenactis-douglasii-var-typicus,100
acer-negundo-subsp-interior,100
acer-negundo-f-dorei,100
malus-melliana,100
malus-crescimannoi,100
penstemon-deustus-var-heterander,100
leymus-salinus,100
malus-x-soulardii,100
taxus-x-media,100
pinus-nigra-subsp-pallasiana,100
rhamnus-alnifolia,100
thelypteris-noveboracensis,100
acer-negundo-f-interius,100
malus-x-dawsoniana,100
amelanchier-sanguinea,100
deschampsia-caespitosa-var-glauca,100
taraxacum-almaatense,100
malus-muliensis,100
malus-x-platycarpa,100
penstemon-deustus-subsp-heterander,100
pinus-nigra-subsp-laricio,100
malus-xpurpurea-f-eleyi,100
malus-x-scheideckeri,100
malus-x-robusta,100
malus-x-hartwigii,100
malus-x-sublobata,100
malus-x-micromalus,100
malus-x-magdeburgensis,100
calamagrostis-purpurea,102
calamagrostis-canadensis,102
isopterygium-tenerum,105
juglans-cinerea,105
lomatium-macrocarpum,105
juglans-major,105
lomatium-cous,105
plagiothecium-micans-var-fulvum,105
asclepias-incarnata,107
carex-lupulina,107
asclepias-incarnata-subsp-pulchra,107
phragmites-australis,110
sorbus-aucuparia,110
vicia-cracca,110
syringa-vulgaris,110
medicago-lupulina,110
viburnum-opulus,110
persicaria-maculosa,110
alisma-plantago-aquatica,110
prunus-padus,110
rhinanthus-minor,110
ceratophyllum-demersum,110
melilotus-officinalis,110
armeria-maritima,110
solidago-gigantea,110
osmunda-regalis,110
rorippa-sylvestris,110
erigeron-acris,110
persicaria-amphibia,110
secale-cereale,110
eleocharis-acicularis,110
vicia-tenuifolia,110
nasturtium-microphyllum,110
leersia-oryzoides,110
nasturtium-officinale,110
phyla-nodiflora,110
vicia-lutea,110
chamaedaphne-calyculata,110
hemerocallis-fulva,110
erythranthe-guttata,110
heliotropium-curassavicum,110
setaria-italica,110
persicaria-punctata,110
armeria-maritima-subsp-elongata,110
carex-vulpinoidea,110
armeria-alpina,110
heracleum-sphondylium-subsp-montanum,110
schizachyrium-scoparium,110
claytosmunda-claytoniana-subsp-claytoniana,110
ranunculus-abortivus,110
scirpus-cyperinus,110
spiraea-alba,110
indigofera-hirsuta,110
parthenocissus-tricuspidata,110
cornus-amomum,110
cornus-drummondii,110
mikania-scandens,110
viburnum-lantanoides,110
pyrus-calleryana,110
symphyotrichum-pilosum,110
vicia-grandiflora,110
zelkova-serrata,110
spiraea-tomentosa,110
impatiens-pallida,110
celastrus-scandens,110
schoenoplectus-acutus,110
viburnum-prunifolium,110
arctagrostis-latifolia,110
elymus-glaucus-subsp-glaucus,110
eriophorum-virginicum,110
eragrostis-hypnoides,110
juniperus-chinensis,110
aconitum-columbianum,110
sporobolus-pungens,110
koelreuteria-paniculata,110
symphoricarpos-occidentalis,110
gaultheria-hispidula,110
peltandra-virginica,110
amelanchier-canadensis,110
medicago-scutellata,110
camassia-quamash,110
salvia-azurea,110
lycopus-virginicus,110
vicia-cracca-subsp-incana,110
machaeranthera-tanacetifolia,110
muhlenbergia-schreberi,110
penstemon-digitalis,110
penstemon-newberryi,110
crepis-acuminata,110
hemerocallis-lilioasphodelus,110
hydrophyllum-capitatum,110
carex-squarrosa,110
crepis-occidentalis,110
paeonia-californica,110
puccinellia-nuttalliana,110
viburnum-sargentii,110
sarcobatus-vermiculatus,110
phlox-glaberrima,110
leymus-secalinus,110
phyla-nodiflora-var-reptans,110
osmorhiza-occidentalis,110
hemerocallis-minor,110
crepis-runcinata,110
saccharum-giganteum,110
vicia-lutea-subsp-vestita,110
armeria-maritima-subsp-sibirica,110
ranunculus-longirostris,110
malus-mandshurica,110
arctagrostis-arundinacea,110
penstemon-speciosus,110
heliotropium-curassavicum-var-oculatum,110
scirpus-pedicellatus,110
hemerocallis-middendorffii,110
carphephorus-paniculatus,110
spiraea-alba-var-latifolia,110
wyethia-amplexicaulis,110
penstemon-cyananthus,110
atriplex-gardneri,110
erigeron-philadelphicus-var-philadelphicus,110
zenobia-pulverulenta,110
armeria-maritima-subsp-californica,110
paeonia-brownii,110
pontederia-hastata,110
alisma-plantago-aquatica-subsp-orientale,110
juniperus-chinensis-var-sargentii,110
hemerocallis-citrina,110
hemerocallis-middendorffii-var-esculenta,110
schoenoplectus-heterochaetus,110
heliotropium-curassavicum-var-argentinum,110
vicia-tenuifolia-subsp-dalmatica,110
hosta-lancifolia,110
heliotropium-curassavicum-var-obovatum,110
elymus-glaucus-subsp-virescens,110
penstemon-newberryi-subsp-berryi,110
camassia-quamash-subsp-breviflora,110
hemerocallis-dumortieri,110
penstemon-lemhiensis,110
hemerocallis-fulva-var-longituba,110
lomatium-canbyi,110
phlox-glaberrima-subsp-interior,110
hemerocallis-citrina-var-vespertina,110
armeria-maritima-subsp-purpurea,110
atriplex-cuneata,110
erythranthe-arvensis,110
crepis-runcinata-subsp-glauca,110
alisma-plantago-aquatica-subsp-plantago-aquatica,110
crepis-occidentalis-subsp-costata,110
atriplex-falcata,110
hemerocallis-hakuunensis,110
camassia-quamash-subsp-maxima,110
calamagrostis-breweri,110
atriplex-tridentata,110
aconitum-columbianum-subsp-viviparum,110
penstemon-acuminatus-var-latebracteatus,110
penstemon-cyananthus-var-subglaber,110
iris-bracteata,110
crepis-occidentalis-subsp-pumila,110
hemerocallis-fulva-var-angustifolia,110
hemerocallis-fulva-var-littorea,110
hydrophyllum-capitatum-var-thompsonii,110
camassia-quamash-subsp-linearis,110
hemerocallis-plicata,110
crepis-occidentalis-subsp-conjuncta,110
crepis-runcinata-subsp-hispidulosa,110
penstemon-acuminatus,110
hemerocallis-coreana,110
sarcobatus-baileyi,110
camassia-quamash-subsp-utahensis,110
crepis-runcinata-subsp-imbricata,110
heliotropium-curassavicum-var-fruticulosum,110
hemerocallis-forrestii,110
penstemon-newberryi-subsp-sonomensis,110
penstemon-compactus,110
penstemon-longiflorus,110
hemerocallis-middendorffii-var-exaltata,110
camassia-quamash-subsp-walpolei,110
crepis-runcinata-subsp-andersonii,110
hemerocallis-fulva-var-aurantiaca,110
camassia-quamash-subsp-azurea,110
hemerocallis-yezoensis,110
erigeron-philadelphicus-var-provancheri,110
hemerocallis-multiflora,110
crepis-runcinata-subsp-hallii,110
hemerocallis-thunbergii,110
armeria-maritima-subsp-interior,110
camassia-quamash-subsp-intermedia,110
crepis-runcinata-subsp-barberi,110
atriplex-bonnevillensis,110
erythranthe-scouleri,110
erigeron-philadelphicus-var-glaber,110
hemerocallis-nana,110
atriplex-welshii,110
erythranthe-arenicola,110
eleocharis-acicularis-var-porcata,110
muhlenbergia-curtisetosa,110
hemerocallis-major,110
elymus-glaucus-subsp-mackenzii,110
penstemon-cyananthus-var-longiflorus,110
crepis-occidentalis-var-nevadensis,110
achnatherum-occidentale-subsp-occidentale,110
hemerocallis-fulva-var-sempervirens,110
hemerocallis-x-exilis,110
hemerocallis-middendorffii-var-longibracteata,110
alisma-plantago-aquatica-ssp-brevipes,110
amelanchier-utahensis-var-covillei,110
hemerocallis-darrowiana,110
setaria-pumila-subsp-pallidefusca,110
hemerocallis-fulva-var-pauciflora,110
phragmites-australis-ssp-americanus-×-ssp-australis,110
hemerocallis-x-fallaxlittoralis,110
alisma-plantago-aquatica-ssp-subcordatum,110
vicia-cracca-var-angustissima,110
monarda-fistulosa-ssp-fistulosa-var-menthifolia,110
cornus-obliqua,110
setaria-italica-var-metzgeri,110
picea-sitchensis,111
prunella-vulgaris,115
viburnum-acerifolium,115
sphaeralcea-coccinea,115
prunella-vulgaris-subsp-asiatica,115
ribes-triste,115
iris-missouriensis,115
populus-angustifolia,115
prunella-vulgaris-subsp-lanceolata,115
yucca-baccata,115
purshia-stansburiana,115
philadelphus-microphyllus,115
philonotis-americana,115
yucca-baccata-var-brevifolia,115
philadelphus-microphyllus-var-stramineus,115
prunella-vulgaris-subsp-hispida,115
philadelphus-microphyllus-var-argyrocalyx,115
sphaeralcea-coccinea-var-elata,115
philadelphus-microphyllus-var-pumilus,115
penstemon-whippleanus,117
trifolium-nigrescens,119
trifolium-nigrescens-subsp-petrisavii,119
achillea-millefolium,120
ranunculus-repens,120
holcus-lanatus,120
crataegus-monogyna,120
juncus-effusus,120
pinus-sylvestris,120
lotus-corniculatus,120
poa-trivialis,120
phalaris-arundinacea,120
senecio-vulgaris,120
poa-nemoralis,120
vaccinium-vitis-idaea,120
juncus-conglomeratus,120
agrostis-pourretii,120
prunus-serotina,120
melilotus-albus,120
spirodela-polyrrhiza,120
lysimachia-thyrsiflora,120
vigna-unguiculata,120
alopecurus-myosuroides,120
rhododendron-tomentosum,120
hesperis-matronalis,120
dryas-octopetala,120
oenothera-biennis,120
alopecurus-aequalis,120
hippuris-vulgaris,120
eschscholzia-californica,120
vigna-radiata,120
rubus-arcticus,120
adiantum-capillus-veneris,120
luzula-spicata,120
persicaria-hydropiper,120
dryopteris-cristata,120
arctostaphylos-alpinus,120
anaphalis-margaritacea,120
lathyrus-hirsutus,120
acer-saccharinum,120
carex-livida,120
fraxinus-pennsylvanica,120
vicia-americana,120
populus-deltoides,120
andropogon-gerardii,120
agrostis-castellana,120
erysimum-capitatum,120
hamamelis-virginiana,120
bassia-scoparia,120
rhododendron-groenlandicum,120
lonicera-tatarica,120
schoenoplectus-pungens,120
teucrium-canadense,120
luzula-parviflora,120
poa-arctica,120
baccharis-pilularis,120
picea-pungens,120
gaultheria-procumbens,120
primula-meadia,120
celtis-occidentalis,120
carex-lurida,120
symphyotrichum-lateriflorum,120
panicum-miliaceum-subsp-miliaceum,120
lotus-alpinus,120
lycopus-americanus,120
pedicularis-canadensis,120
dodecatheon-meadia-subsp-meadia,120
vitis-aestivalis,120
eutrochium-maculatum,120
rubus-allegheniensis,120
agrostis-perennans,120
ribes-lacustre,120
vaccinium-parvifolium,120
hypoxis-hirsuta,120
panicum-commutatum,120
dalea-purpurea,120
packera-aurea,120
ranunculus-hyperboreus,120
amelanchier-arborea,120
taxus-canadensis,120
oncophorus-virens,120
liatris-punctata,120
quercus-muehlenbergii,120
plantago-patagonica,120
ceanothus-cuneatus,120
rorippa-curvisiliqua,120
juniperus-scopulorum,120
anemone-multifida,120
agoseris-glauca,120
bromus-inermis-subsp-inermis,120
penthorum-sedoides,120
dryas-integrifolia,120
dichanthium-annulatum,120
viburnum-edule,120
arctostaphylos-patula,120
lindera-benzoin,120
alopecurus-magellanicus,120
glycyrrhiza-lepidota,120
oenothera-elata,120
hedysarum-alpinum,120
allium-acuminatum,120
symphyotrichum-chilense,120
carex-lyngbyei,120
vigna-unguiculata-subsp-dekindtiana,120
quercus-shumardii,120
quercus-bicolor,120
hedysarum-boreale,120
leersia-virginica,120
lupinus-nootkatensis,120
agoseris-aurantiaca,120
lupinus-arcticus,120
cyperus-bipartitus,120
penstemon-procerus,120
clematis-ligusticifolia,120
muhlenbergia-asperifolia,120
elymus-sibiricus,120
agrimonia-gryposepala,120
potamogeton-amplifolius,120
liatris-pycnostachya,120
arctophila-fulva,120
sidalcea-oregana,120
artemisia-tilesii,120
phlox-longifolia,120
glyceria-borealis,120
trifolium-alexandrinum,120
taxus-cuspidata,120
carex-aquatilis-var-minor,120
arctostaphylos-manzanita,120
cornus-nuttallii,120
panicum-latifolium,120
oenothera-pallida,120
rubus-arcticus-subsp-acaulis,120
ulmus-thomasii,120
senecio-integerrimus-var-exaltatus,120
galium-asprellum,120
desmodium-procumbens,120
lomatium-triternatum,120
geranium-erianthum,120
ranunculus-pensylvanicus,120
pinus-jeffreyi,120
phlox-diffusa,120
rubus-leucodermis,120
euthamia-occidentalis,120
xerophyllum-tenax,120
oenothera-elata-subsp-hirsutissima,120
delphinium-glaucum,120
muhlenbergia-capillaris,120
helianthus-nuttallii,120
rhododendron-canadense,120
echinochloa-walteri,120
sorbus-scopulina,120
carex-emoryi,120
microseris-nutans,120
eleocharis-tenuis,120
commelina-virginica,120
penstemon-eatonii,120
ranunculus-macounii,120
ceanothus-prostratus,120
castilleja-sessiliflora,120
agoseris-grandiflora,120
felicia-filifolia,120
lysimachia-hybrida,120
ribes-montigenum,120
rorippa-sinuata,120
heuchera-cylindrica,120
arnica-griscomii,120
artemisia-norvegica-subsp-saxatilis,120
pinus-monticola,120
carex-mertensii,120
panicum-rudgei,120
parnassia-fimbriata,120
gentiana-calycosa,120
juncus-effusus-subsp-solutus,120
carex-albolutescens,120
sisyrinchium-idahoense,120
agrimonia-rostellata,120
allium-tolmiei-var-tolmiei,120
penstemon-strictus,120
dichanthium-aristatum,120
croton-glandulosus-var-glandulosus,120
antennaria-dimorpha,120
eschscholzia-californica-subsp-mexicana,120
ephedra-torreyana,120
rhododendron-columbianum,120
symphyotrichum-subspicatum,120
arnica-griscomii-subsp-frigida,120
lupinus-caudatus,120
ceanothus-velutinus,120
bacopa-rotundifolia,120
eragrostis-trichodes,120
holodiscus-dumosus,120
olsynium-douglasii,120
potamogeton-bicupulatus,120
rumex-arcticus,120
chamaebatiaria-millefolium,120
lonicera-utahensis,120
vigna-radiata-var-setulosa,120
erigeron-filifolius,120
agoseris-glauca-var-dasycephala,120
croton-glandulosus-var-septentrionalis,120
ammannia-robusta,120
lycopus-asper,120
rorippa-sessiliflora,120
syringa-villosa,120
digitaria-aequiglumis,120
hedysarum-alpinum-var-americanum,120
physocarpus-malvaceus,120
balsamorhiza-hookeri,120
eurybia-integrifolia,120
sphaeralcea-munroana,120
rubus-arcticus-subsp-stellatus,120
trifolium-longipes,120
leymus-racemosus,120
poa-lanata,120
plantago-elongata,120
antennaria-anaphaloides,120
teucrium-canadense-var-occidentale,120
brickellia-atractyloides,120
phlox-austromontana,120
vigna-unguiculata-subsp-sesquipedalis,120
iris-tenax,120
lupinus-sulphureus,120
helianthella-quinquenervis,120
lotus-corniculatus-var-hirsutus,120
vigna-unguiculata-subsp-stenophylla,120
sidalcea-oregana-subsp-spicata,120
trifolium-rusbyi,120
zizaniopsis-miliacea,120
diplacus-nanus,120
corydalis-caseana,120
lupinus-arcticus-subsp-subalpinus,120
hydrophyllum-occidentale,120
hedysarum-boreale-subsp-mackenziei,120
dryas-octopetala-subsp-hookeriana,120
astragalus-curvicarpus,120
antennaria-corymbosa,120
lupinus-prunophilus,120
penstemon-confertus,120
penstemon-wilcoxii,120
tetradymia-spinosa,120
eriogonum-niveum,120
liatris-punctata-var-mucronata,120
carex-bella,120
lomatium-simplex,120
lupinus-caudatus-subsp-argophyllus,120
teucrium-canadense-var-virginicum,120
keckiella-antirrhinoides-var-microphylla,120
salicornia-virginica,120
penstemon-albertinus,120
poa-leibergii,120
trifolium-longipes-subsp-hansenii,120
muhlenbergia-wrightii,120
geranium-oreganum,120
dichelyma-uncinatum,120
oenothera-pallida-subsp-runcinata,120
dryas-octopetala-subsp-alaskensis,120
agoseris-aurantiaca-var-purpurea,120
senecio-hydrophiloides,120
lysimachia-fraseri,120
leymus-flavescens,120
ceanothus-gloriosus,120
sisyrinchium-idahoense-var-occidentale,120
muhlenbergia-pungens,120
damasonium-californicum,120
luzula-divaricata,120
eleocharis-tenuis-var-verrucosa,120
dichanthium-annulatum-var-papillosum,120
lomatium-triternatum-var-macrocarpum,120
iris-chrysophylla,120
phlox-viridis,120
luzula-fastigiata,120
trifolium-rusbyi-subsp-reflexum,120
fothergilla-gardenii,120
oenothera-latifolia,120
lupinus-oreganus-var-kincaidii,120
cupressus-arizonica-var-arizonica,120
arctostaphylos-manzanita-subsp-elegans,120
prunus-serotina-var-salicifolia,120
quercus-shumardii-var-schneckii,120
lupinus-onustus,120
penstemon-hartwegii,120
oenothera-pallida-subsp-trichocalyx,120
senecio-integerrimus-var-major,120
carex-halliana,120
prunus-alabamensis,120
lupinus-nevadensis,120
lupinus-bingenensis-var-subsaccatus,120
phlox-diffusa-subsp-longistylis,120
arctostaphylos-bakeri,120
abies-lasiocarpa-var-arizonica,120
carex-ramenskii,120
iris-innominata,120
senecio-integerrimus-var-ochroleucus,120
senecio-vulgaris-subsp-denticulatus,120
muhlenbergia-sericea,120
helianthus-nuttallii-subsp-rydbergii,120
oenothera-nutans,120
agave-utahensis-subsp-kaibabensis,120
lupinus-caudatus-subsp-montigenus,120
helianthus-nuttallii-subsp-parishii,120
corydalis-caseana-subsp-brandegeei,120
penstemon-strictiformis,120
vitis-aestivalis-var-lincecumii,120
arctostaphylos-manzanita-subsp-laevigata,120
croton-glandulosus-var-lindheimeri,120
parnassia-fimbriata-var-intermedia,120
croton-glandulosus-var-floridanus,120
corydalis-caseana-subsp-cusickii,120
lotus-corniculatus-subsp-frondosus,120
trifolium-longipes-subsp-elmeri,120
trifolium-rusbyi-subsp-caurinum,120
liatris-pycnostachya-var-lasiophylla,120
lotus-corniculatus-var-carnosus,120
sidalcea-oregana-subsp-hydrophila,120
trifolium-rusbyi-subsp-neurophyllum,120
trifolium-longipes-subsp-atrorubens,120
dryopteris-australis,120
allium-tolmiei-var-persimile,120
trifolium-rusbyi-subsp-multipedunculatum,120
dupoa-labradorica,120
eleocharis-tenuis-var-pseudoptera,120
lupinus-nootkatensis-var-fruticosus,120
arctostaphylos-manzanita-subsp-roofii,120
ilex-savannarum,120
ammannia-octandra,120
commelina-diffusa-var-gigas,120
corydalis-caseana-subsp-brachycarpa,120
croton-glandulosus-var-pubentissimus,120
phlox-diffusa-subsp-scleranthifolia,120
teucrium-canadense-var-hypoleucum,120
hedysarum-alpinum-var-philoscia,120
rubus-nigerrimus,120
sidalcea-oregana-subsp-valida,120
sidalcea-oregana-subsp-eximia,120
dryas-octopetala-f-argentea,120
trifolium-rusbyi-subsp-oreganum,120
senecio-integerrimus-var-scribneri,120
corydalis-caseana-subsp-hastata,120
trifolium-longipes-subsp-pendunculatum,120
arctostaphylos-manzanita-subsp-wieslanderi,120
sisyrinchium-idahoense-var-segetum,120
lupinus-caudatus-subsp-cutleri,120
sisyrinchium-idahoense-var-macounii,120
croton-glandulosus-var-arenicola,120
ilex-magnifructa,120
microseris-laciniata-subsp-siskiyouensis,120
ephedra-torreyana-var-powelliorum,120
poa-glauca-subsp-litvinoviana,120
lomatium-triternatum-var-brevifolium,120
trifolium-rusbyi-subsp-shastense,120
liatris-punctata-var-mexicana,120
arctostaphylos-manzanita-subsp-glaucescens,120
hedysarum-alpinum-var-grandiflorum,120
ilex-savannarum-var-morichei,120
lonicera-tatarica-var-micrantha,120
ceanothus-divergens-var-occidentalis,120
quercus-shumardii-var-stenocarpa,120
clematis-ligusticifolia-var-californica,120
abies-lasiocarpa-var-lasiocarpa,120
artemisia-arctica-subsp-arctica,120
senecio-integerrimus-var-integerrimus,120
poa-glauca-subsp-glauca,120
mimulus-nanus-var-nanus,120
nuphar-polysepala,120
dryas-octopetala-ssp-octopetala-var-angustifolia,120
iris-x-thompsonii,120
vicia-mulleriana,120
hesperocyparis-stephensonii,120
crataegus-macracantha,120
urochloa-brizantha,120
arctous-rubra,120
achillea-millefolium-subsp-collina,120
populus-deltoides-subsp-wislizeni,120
lupinus-nootkatensis-var-kiellmannii,120
sidalcea-oregana-ssp-oregana-var-procera,120
sidalcea-oregana-ssp-oregana-var-calva,120
hedysarum-boreale-ssp-boreale-var-boreale,120
kochia-scoparia-var-trichophila,120
trifolium-longipes-subsp-multipedunculatum,120
lupinus-caudatus-var-submanens,120
trifolium-longipes-subsp-pedunculatum,120
lupinus-caudatus-var-subtenellus,120
rubus-leucodermis-var-trinitatis,120
poa-glauca-subsp-rupicola,120
euonymus-americana,120
sidalcea-oregana-ssp-oregana-var-maxima,120
trifolium-longipes-subsp-shastense,120
trifolium-longipes-subsp-pygmaeum,120
vaccinium-vitis-idaea-var-punctatum,120
primula-frenchii,120
hedysarum-boreale-ssp-boreale-var-gremiale,120
corydalis-caseana-ssp-aquae-gelidae,120
sidalcea-oregana-ssp-oregana-var-nevadensis,120
hesperocyparis-nevadensis,120
dryas-octopetala-ssp-octopetala-var-kamtschatica,120
dryas-octopetala-ssp-octopetala-var-octopetala,120
bromus-inermis-ssp-pumpellianus-var-pumpellianus,120
trifolium-longipes-subsp-reflexum,120
trifolium-longipes-subsp-oreganum,120
bromus-inermis-ssp-inermis-var-inermis,120
bromus-inermis-ssp-inermis-var-divaricatus,120
bromus-inermis-ssp-pumpellianus-var-arcticus,120
sidalcea-oregana-ssp-oregana-var-oregana,120
stenotus-armerioides,124
stachys-palustris,125
brassica-rapa,125
stachys-pilosa,125
prunus-pumila,125
carex-crus-corvi,125
prunus-depressa,125
stachys-pilosa-var-arenicola,125
stachys-angustifolia,125
stuckenia-pectinatus,125
brassica-rapa-var-silvestris,125
lyonia-ligustrina,128
viburnum-lentago,128
ribes-americanum,128
silphium-perfoliatum,128
ribes-aureum-var-villosum,128
prunus-nigra,128
lyonia-ligustrina-var-foliosiflora,128
silphium-perfoliatum-var-connatum,128
rubus-occidentalis,129
dactylis-glomerata,130
poa-pratensis,130
leucanthemum-vulgare,130
myosotis-scorpioides,130
convallaria-majalis,130
viburnum-lantana,130
saponaria-officinalis,130
vinca-minor,130
typha-angustifolia,130
pseudotsuga-menziesii,130
parthenocissus-quinquefolia,130
cornus-mas,130
dactylis-glomerata-subsp-hispanica,130
cotoneaster-integerrimus,130
brassica-juncea,130
morus-alba,130
poa-alpigena,130
lobelia-cardinalis,130
chamaecrista-fasciculata,130
dactylis-glomerata-subsp-lobata,130
elymus-virginicus,130
hypericum-calycinum,130
heterotheca-villosa,130
solidago-caesia,130
ranunculus-hispidus,130
acer-tataricum-subsp-ginnala,130
jacobaea-leucophylla,130
arnica-cordifolia,130
symphoricarpos-orbiculatus,130
castilleja-applegatei,130
najas-guadalupensis,130
desmanthus-illinoensis,130
cornus-racemosa,130
prunus-emarginata,130
solidago-altissima-subsp-altissima,130
sequoiadendron-giganteum,130
panicum-clandestinum,130
festuca-idahoensis,130
carex-atlantica,130
rosa-virginiana,130
coleataenia-rigidula,130
mirabilis-multiflora,130
micranthes-ferruginea,130
penstemon-rydbergii,130
aquilegia-coerulea,130
ribes-inerme,130
castilleja-applegatei-subsp-pinetorum,130
stenotus-acaulis,130
orthocarpus-luteus,130
allium-validum,130
geum-vernum,130
castilleja-applegatei-subsp-martinii,130
carex-atlantica-subsp-capillacea,130
vicoa-indica,130
carex-geyeri,130
brassica-napus-f-annua,130
geum-laciniatum,130
bidens-discoidea,130
cleomella-lutea,130
ranunculus-hispidus-var-caricetorum,130
penstemon-rydbergii-var-oreocharis,130
eriogonum-marifolium,130
heterotheca-villosa-var-minor,130
cardamine-breweri,130
eriogonum-elatum,130
leucanthemum-vulgare-subsp-pujiulae,130
eurybia-glauca,130
mirabilis-multiflora-var-pubescens,130
aquilegia-caerulea,130
coprosma-ochracea,130
heterotheca-villosa-var-foliosa,130
festuca-idahoensis-subsp-roemeri,130
heterotheca-villosa-var-nana,130
castilleja-applegatei-subsp-pallida,130
balsamorhiza-careyana,130
carex-mariposana,130
najas-guadalupensis-subsp-olivacea,130
downingia-laeta,130
dactylis-glomerata-subsp-lusitanica,130
nelumbo-lutea,130
dactylis-smithii,130
ribes-inerme-var-klamathense,130
alnus-glutinosa-subsp-barbata,130
penstemon-rydbergii-var-aggregatus,130
geum-laciniatum-var-trichocarpum,130
mirabilis-multiflora-var-glandulosa,130
prunus-emarginata-var-mollis,130
heterotheca-villosa-var-ballardii,130
eriogonum-latens,130
najas-guadalupensis-subsp-floridana,130
eriogonum-elatum-var-villosum,130
agastache-parvifolia,130
morus-alba-var-multicaulis,130
heterotheca-villosa-var-pedunculata,130
brassica-napus-var-pabularia,130
heterotheca-villosa-var-depressa,130
najas-guadalupensis-subsp-muenscheri,130
dactylis-glomerata-subsp-woronowii,130
brassica-juncea-var-japonica,130
viburnum-lantana-var-glabratum,130
rosa-virginiana-var-lamprophylla,130
erigeron-ochroleucus-var-ochroleucus,130
brassica-napus,130
hesperostipa-comata-var-comata,130
acer-saccharum-subsp-nigrum,130
saxifraga-ferruginea-var-newcombei,130
lonicera-japonica-var-chinensis,130
lonicera-japonica-var-aureo-reticulata,130
saxifraga-ferruginea-var-macounii,130
saxifraga-ferruginea-var-foliacea,130
castilleja-disticha,130
melilotus-indica,130
acer-ginnala-subsp-ginnala,130
leucanthemum-vulgare-subsp-pannonicum,130
ceanothus-×flexilis,130
prunus-domestica,135
lonicera-japonica,135
rumex-maritimus,135
juncus-triglumis,135
asclepias-tuberosa,135
polystichum-munitum,135
prunus-domestica-subsp-insititia,135
rhus-glabra,135
diervilla-lonicera,135
rumex-persicarioides-var-fueginus,135
stipa-nelsonii,135
bassia-hyssopifolia,135
pilosella-scouleri,135
osmorhiza-depauperata,135
polystichum-imbricans,135
sidalcea-neomexicana,135
puccinellia-rupestris,135
fraxinus-anomala,135
lemna-valdiviana,135
andropogon-virginicus-var-virginicus,135
hackelia-deflexa-subsp-americana,135
juncus-concinnus,135
polystichum-imbricans-subsp-curtum,135
asclepias-tuberosa-subsp-rolfsii,135
poa-secunda-subsp-secunda,135
poa-secunda-subsp-juncifolia,135
sporobolus-airoides,136
castilleja-hispida,136
elliottia-pyroliflora,136
castilleja-hispida-subsp-acuta,136
castilleja-hispida-subsp-brevilobata,136
acer-pseudoplatanus,140
robinia-pseudoacacia,140
glycine-max,140
parnassia-palustris,140
tilia-cordata,140
rosa-rugosa,140
lathyrus-latifolius,140
lathyrus-sylvestris,140
punica-granatum,140
juniperus-virginiana,140
eriogonum-umbellatum,140
acer-macrophyllum,140
ilex-opaca,140
rhus-aromatica,140
geum-canadense,140
ilex-verticillata,140
catalpa-bignonioides,140
nyssa-sylvatica,140
euonymus-fortunei,140
vaccinium-stamineum,140
gutierrezia-sarothrae,140
ipomopsis-aggregata,140
umbellularia-californica,140
lepidium-lasiocarpum,140
tripsacum-dactyloides,140
pluchea-odorata,140
apios-americana,140
solidago-flexicaulis,140
solidago-uliginosa,140
morus-rubra,140
hypericum-mutilum,140
rhus-trilobata,140
lonicera-sempervirens,140
platycladus-orientalis,140
oenothera-fruticosa,140
euonymus-japonicus,140
lespedeza-capitata,140
campanula-aparinoides,140
oenothera-cespitosa,140
juniperus-osteosperma,140
eriogonum-microtheca,140
geranium-viscosissimum,140
justicia-americana,140
ulmus-parvifolia,140
rubus-hispidus,140
muhlenbergia-richardsonis,140
philadelphus-lewisii,140
helenium-flexuosum,140
bothriochloa-saccharoides,140
chamaecyparis-thyoides,140
andropogon-ternarius,140
taxus-brevifolia,140
rosa-setigera,140
carex-pachystachya,140
spiraea-prunifolia,140
yucca-glauca,140
agrimonia-striata,140
hibiscus-laevis,140
deutzia-gracilis,140
bidens-aristosa,140
malus-ioensis,140
polemonium-foliosissimum,140
penstemon-palmeri,140
vernonia-noveboracensis,140
parnassia-palustris-var-tenuis,140
juncus-brachycarpus,140
argemone-polyanthemos,140
phlox-maculata,140
eriogonum-umbellatum-var-majus,140
lycium-pallidum,140
perideridia-gairdneri,140
coleogyne-ramosissima,140
calochortus-macrocarpus,140
quercus-vacciniifolia,140
rosa-gymnocarpa,140
hypericum-densiflorum,140
forestiera-acuminata,140
euonymus-fortunei-var-radicans,140
eriogonum-umbellatum-var-nevadense,140
carya-ovalis,140
glyceria-obtusa,140
eriogonum-microtheca-var-simpsonii,140
bistorta-plumosa,140
pinus-aristata,140
eriogonum-effusum,140
lupinus-luteolus,140
carex-decomposita,140
sporobolus-flexuosus,140
perideridia-gairdneri-subsp-borealis,140
didymodon-revolutus,140
rhus-trilobata-var-pilosissima,140
fragaria-chiloensis,140
oenothera-brachycarpa,140
eriogonum-umbellatum-var-subaridum,140
oenothera-elata-subsp-hookeri,140
carya-carolinae-septentrionalis,140
eriogonum-umbellatum-var-dichrocephalum,140
eriogonum-crosbyae,140
eriogonum-umbellatum-var-aureum,140
oenothera-cespitosa-subsp-macroglottis,140
eriogonum-umbellatum-var-modocense,140
penstemon-gairdneri,140
eriogonum-thymoides,140
balsamorhiza-serrata,140
fragaria-chiloensis-subsp-pacifica,140
eriogonum-umbellatum-var-ellipticum,140
polemonium-foliosissimum-var-alpinum,140
oenothera-cespitosa-subsp-crinita,140
eriogonum-umbellatum-var-polyanthum,140
rosa-lucieae,140
eriogonum-umbellatum-var-munzii,140
galium-oreganum,140
rhus-trilobata-var-simplicifolia,140
eriogonum-umbellatum-var-furcosum,140
ceanothus-fresnensis,140
eriogonum-umbellatum-var-argus,140
rhus-trilobata-var-anisophylla,140
eriogonum-umbellatum-var-minus,140
rhus-trilobata-var-quinata,140
eriogonum-umbellatum-var-porteri,140
lasthenia-maritima,140
eriogonum-umbellatum-var-versicolor,140
fragaria-chiloensis-subsp-sandwicensis,140
eriogonum-umbellatum-var-bahiiforme,140
fragaria-chiloensis-subsp-lucida,140
lycium-pallidum-var-oligospermum,140
penstemon-gairdneri-var-oreganus,140
eriogonum-umbellatum-var-torreyanum,140
eriogonum-umbellatum-var-cognatum,140
eriogonum-umbellatum-var-juniporinum,140
eriogonum-umbellatum-var-dumosum,140
rhus-trilobata-var-racemulosa,140
eriogonum-umbellatum-var-chlorothamnus,140
penstemon-palmeri-var-eglandulosus,140
eriogonum-umbellatum-var-glaberrimum,140
rosa-bridgesii,140
eriogonum-umbellatum-var-vernum,140
eriogonum-umbellatum-var-covillei,140
penstemon-palmeri-var-macranthus,140
eriogonum-umbellatum-var-goodmanii,140
eriogonum-umbellatum-var-speciosum,140
oenothera-psammophila,140
eriogonum-umbellatum-var-hypoleium,140
eriogonum-umbellatum-var-humistratum,140
rosa-gymnocarpa-var-serpentina,140
eriogonum-umbellatum-var-cladophorum,140
malus-ioensis-var-texana,140
eriogonum-umbellatum-var-devestivum,140
eriogonum-microtheca-var-laxiflorum,140
philadelphus-lewisii-var-parvifolius,140
eriogonum-umbellatum-var-deserticum,140
lathyrus-latifolius-f-albiflorus,140
malus-ioensis-var-palmeri,140
polygonum-bistorta-var-bistorta,140
rhus-copallinum,140
elymus-glabriflorus-var-glabriflorus,140
eriogonum-microthecum,140
arctostaphylos-uva-ursi-af36d6ab-97ea-4146-8581-3baf62d4f52f,140
eriogonum-microthecum-var-ambiguum,140
eriogonum-microthecum-var-crispum,140
polemonium-foliosissimum-var-flavum,140
epilobium-subdentatum,140
robinia-pseudoacacia-var-pyramidalis,140
lathyrus-latifolius-f-lanceolatus,140
eriogonum-microthecum-var-alpinum,140
eriogonum-microthecum-var-panamintense,140
eriogonum-microthecum-subsp-laxiflorum,140
eriogonum-microthecum-var-johnstonii,140
oenothera-caespitosa-var-navajoensis,140
oenothera-caespitosa-subsp-navajoensis,140
oenothera-tetragona,140
eriogonum-microthecum-var-laxiflorum,140
rosa-rugosa-f-alba,140
eriogonum-umbellatum-var-hausknechtii,140
acer-pseudoplatanus-var-vanvolxemii,140
arctostaphylos-uva-ursi-ssp-emundsii,140
arctostaphylos-uva-ursi-ssp-coloradensis,140
arctostaphylos-uva-ursi-ssp-longipilosa,140
eriogonum-microthecum-var-corymbosoides,140
eriogonum-microthecum-var-lapidicola,140
arctostaphylos-uva-ursi-ssp-stipitata,140
arctostaphylos-uva-ursi-ssp-monoensis,140
arctostaphylos-uva-ursi-ssp-coactilis,140
arctostaphylos-uva-ursi-ssp-sensitiva,140
arctostaphylos-uva-ursi-ssp-adenotricha,140
arctostaphylos-uva-ursi-ssp-myrtifolia,140
carex-crinita,144
lemna-trisulca,145
philadelphus-coronarius,145
hydrangea-macrophylla,145
quercus-alba,145
arrhenatherum-elatius-subsp-bulbosum,145
kerria-japonica,145
lonicera-maackii,145
senecio-triangularis,145
aesculus-glabra,145
helianthus-maximiliani,145
quercus-acutissima,145
decodon-verticillatus,145
bidens-laevis,145
juncus-scirpoides,145
carex-bushii,145
hosackia-crassifolia,145
erigeron-eatonii,145
eriogonum-strictum,145
carex-shortiana,145
juncus-biflorus,145
heuchera-sanguinea,145
eriogonum-sphaerocephalum,145
chloropyron-maritimum,145
delphinium-andersonii,145
spiraea-trilobata,145
eriogonum-strictum-var-proliferum,145
spiraea-japonica-var-fortunei,145
deschampsia-danthonioides,145
juncus-subcaudatus,145
eriogonum-strictum-var-anserinum,145
eriogonum-sphaerocephalum-var-halimioides,145
chloropyron-maritimum-subsp-canescens,145
chloropyron-maritimum-subsp-palustre,145
clermontia-arborescens,145
penstemon-heterophyllus-subsp-purdyi,145
bidens-coronata,145
clermontia-arborescens-subsp-waihiae,145
clermontia-arborescens-subsp-waikoluensis,145
eriogonum-sphaerocephalum-var-sublineare,145
eriogonum-strictum-var-greenei,145
eriogonum-sphaerocephalum-var-fasciculifolium,145
lonicera-maackii-f-erubescens,145
arrhenatherum-elatius,145
jacquemontia-sandwicensis,145
eriogonum-strictum-ssp-proliferum-var-anserinum,145
eriogonum-strictum-ssp-proliferum-var-proliferum,145
eriogonum-strictum-ssp-proliferum-var-glabrum,145
cytisus-scoparius,150
lysimachia-maritima,150
lolium-multiflorum,150
koeleria-macrantha,150
symphoricarpos-albus,150
liriodendron-tulipifera,150
rudbeckia-hirta,150
echinochloa-colona,150
gleditsia-triacanthos,150
colutea-arborescens,150
pinus-ponderosa,150
symplocarpus-foetidus,150
ribes-aureum,150
solidago-nemoralis,150
kalmia-latifolia,150
yucca-elata,150
caragana-arborescens,150
celtis-laevigata,150
tsuga-heterophylla,150
rosa-woodsii,150
sporobolus-cryptandrus,150
ginkgo-biloba,150
clethra-alnifolia,150
lupinus-latifolius,150
tridens-flavus,150
juncus-nodosus,150
betula-nigra,150
balsamorhiza-sagittata,150
atriplex-nummularia,150
pinus-monophylla,150
rhododendron-maximum,150
leymus-triticoides,150
rudbeckia-hirta-var-pulcherrima,150
liriope-muscari,150
oxydendrum-arboreum,150
ephedra-viridis,150
paspalum-laeve,150
digitaria-californica,150
bromus-marginatus,150
juniperus-ashei,150
rosa-woodsii-var-ultramontana,150
bromus-sitchensis,150
frangula-purshiana,150
quercus-douglasii,150
ephedra-nevadensis,150
mimulus-alatus,150
berlandiera-lyrata,150
atriplex-lentiformis,150
pinus-ponderosa-var-scopulorum,150
atrichum-altecristatum,150
echinochloa-frumentacea,150
pinus-lambertiana,150
rhus-microphylla,150
pinus-arizonica,150
colutea-arborescens-subsp-gallica,150
lupinus-confertus,150
eleocharis-quadrangulata,150
magnolia-fraseri,150
poa-nervosa,150
lupinus-lepidus,150
juniperus-occidentalis-var-australis,150
prunus-maritima,150
quercus-margarettae,150
penstemon-laetus,150
solidago-nemoralis-subsp-decemflora,150
lupinus-aridus-subsp-aridus,150
penstemon-roezlii,150
festuca-arizonica,150
ribes-aureum-var-gracillimum,150
festuca-thurberi,150
trifolium-ambiguum,150
lupinus-latifolius-subsp-parishii,150
aesculus-flava,150
amorpha-glabra,150
lupinus-latifolius-subsp-viridifolius,150
myrsine-lanaiensis,150
magnolia-fraseri-var-pyramidata,150
phlox-alyssifolia,150
cephalanthus-tetrandra,150
pinus-kesiya-var-langbianensis,150
penstemon-laetus-subsp-sagittatus,150
lupinus-latifolius-subsp-longipes,150
thermopsis-californica-var-semota,150
thermopsis-macrophylla,150
lupinus-cusickii,150
yucca-elata-var-verdiensis,150
rudbeckia-hirta-var-angustifolia,150
penstemon-laetus-subsp-leptosepalus,150
rosa-woodsii-var-arizonica,150
lupinus-latifolius-subsp-leucanthus,150
frangula-purshiana-subsp-annonifolia,150
frangula-purshiana-subsp-ultramafica,150
prunus-maritima-var-gravesii,150
lupinus-latifolius-subsp-wigginsii,150
lupinus-sellulus-var-medius,150
rudbeckia-hirta-var-floridana,150
lupinus-rupestris,150
lupinus-latifolius-subsp-dudleyi,150
phlox-alyssifolia-subsp-collina,150
phlox-alyssifolia-subsp-abdita,150
bromus-carinatus,150
juniperus-occidentalis-var-occidentalis,150
leymus-x-multiflorus,150
lupinus-latifolius-ssp-viridifolius-var-barbatus,150
lupinus-latifolius-ssp-viridifolius-var-viridifolius,150
ericameria-nauseosa-ssp-nauseosa-var-nauseosa,150
pyracantha-coccinea,155
fagopyrum-tataricum,155
gaylussacia-frondosa,155
bouteloua-eriopoda,155
carex-kobomugi,155
morella-cerifera-var-pumila,155
lolium-perenne,160
populus-nigra,160
elodea-canadensis,160
tragopogon-dubius,160
eragrostis-curvula,160
taxodium-distichum,160
sassafras-albidum,160
euonymus-alatus,160
ligustrum-ovalifolium,160
gaillardia-pulchella,160
fouquieria-splendens,160
miscanthus-sinensis,160
asimina-triloba,160
celtis-iguanaea,160
andropogon-glomeratus,160
chasmanthium-latifolium,160
chrysothamnus-viscidiflorus,160
ilex-decidua,160
ilex-crenata,160
cucurbita-foetidissima,160
hibiscus-moscheutos,160
passiflora-lutea,160
lotus-tenuis,160
kummerowia-striata,160
quercus-chrysolepis,160
bidens-aurea,160
packera-glabella,160
pinus-canariensis,160
rhododendron-viscosum,160
ceanothus-integerrimus,160
ribes-roezlii,160
quercus-coccinea,160
aralia-spinosa,160
forestiera-pubescens,160
chasmanthium-laxum,160
platanus-hybrida,160
senna-marilandica,160
helianthus-angustifolius,160
taxodium-mucronatum,160
magnolia-acuminata,160
ribes-nevadense,160
corydalis-flavula,160
kummerowia-stipulacea,160
grayia-spinosa,160
dalea-formosa,160
eragrostis-lehmanniana,160
agrimonia-parviflora,160
magnolia-tripetala,160
tsuga-mertensiana,160
quercus-imbricaria,160
baccharis-salicina,160
halesia-carolina,160
cressa-truxillensis,160
heliopsis-helianthoides-var-scabra,160
cedrus-deodara,160
triteleia-grandiflora,160
tragopogon-dubius-subsp-major,160
hypericum-cistifolium,160
ilex-cornuta,160
chrysolepis-sempervirens,160
panicum-ovale,160
robinia-neomexicana,160
fallugia-paradoxa,160
wisteria-frutescens,160
taxodium-distichum-var-imbricarium,160
hibiscus-moscheutos-subsp-lasiocarpos,160
jamesia-americana,160
eriocaulon-compressum,160
penstemon-angustifolius,160
dieteria-bigelovii,160
platanus-wrightii,160
sporobolus-wrightii,160
flourensia-cernua,160
hedera-canariensis,160
bidens-mitis,160
chrysothamnus-viscidiflorus-subsp-lanceolatus,160
magnolia-stellata,160
ratibida-tagetes,160
ribes-cruentum,160
salicornia-rubra,160
picea-breweriana,160
chrysothamnus-viscidiflorus-subsp-puberulus,160
carex-hendersonii,160
leucaena-retusa,160
aristida-arizonica,160
potentilla-plattensis,160
penstemon-angustifolius-var-caudatus,160
lorandersonia-linifolia,160
prunus-serotina-var-rufula,160
ilex-crenata-var-paludosa,160
jamesia-americana-var-rosea,160
eriocaulon-decangulare-var-decangulare,160
magnolia-acuminata-var-subcordata,160
chrysothamnus-humilis,160
ribes-roezlii-var-amictum,160
robinia-hispida-var-fertilis,160
penstemon-angustifolius-var-venosus,160
jamesia-americana-var-macrocalyx,160
penstemon-angustifolius-var-vernalensis,160
sporobolus-interruptus,160
chrysothamnus-viscidiflorus-subsp-axillaris,160
hedera-taurica,160
penstemon-angustifolius-var-dulcis,160
jamesia-americana-var-zionis,160
chrysothamnus-viscidiflorus-subsp-planifolius,160
chrysothamnus-viscidiflorus-subsp-typicus,160
eriocaulon-decangulare-var-minor,160
lithocarpus-densiflorus-var-densiflorus,160
panicum-acuminatum-var-acuminatum,160
andropogon-eremicus,160
euonymus-alatus-var-apterus,160
lithocarpus-densiflorus-f-attenuatodentatus,160
magnolia-x-soulangiana,160
blechnum-spicant-var-elongatum,160
chrysothamnus-viscidiflorus-ssp-viscidiflorus-var-latifolius,160
blechnum-spicant-subsp-nipponicum,160
euonymus-alatus-var-ciliato-dentatus,160
chrysothamnus-viscidiflorus-ssp-viscidiflorus-var-viscidiflorus,160
chrysothamnus-viscidiflorus-ssp-viscidiflorus-var-stenophyllus,160
ferotrefle-wislizeni,160
viburnum-dentatum,163
trifolium-pratense,165
lotus-pedunculatus,165
paspalum-dilatatum,165
sorghum-halepense,165
atriplex-semibaccata,165
elephantopus-mollis,165
nandina-domestica,165
ptelea-trifoliata,165
quercus-stellata,165
vitis-vulpina,165
populus-fremontii,165
vitis-cinerea,165
lagerstroemia-indica,165
ilex-glabra,165
liatris-spicata,165
pinus-virginiana,165
prunus-angustifolia,165
philonotis-uncinata,165
atriplex-confertifolia,165
carex-amphibola,165
hydrangea-quercifolia,165
quercus-dumosa,165
lycopus-rubellus,165
vernonia-missurica,165
wyethia-mollis,165
juncus-validus,165
pinus-pungens,165
cyperus-lancastriensis,165
vitis-palmata,165
nitrophila-occidentalis,165
ptelea-trifoliata-subsp-angustifolia,165
vitis-cinerea-var-floridana,165
tetraneuris-acaulis-var-caespitosa,165
vitis-cinerea-var-baileyana,165
physaria-newberryi,165
ptelea-trifoliata-subsp-polyadenia,165
philonotis-gracillima,165
perityle-angustifolia,165
populus-fremontii-subsp-mesetae,165
ptelea-trifoliata-subsp-pallida,165
trifolium-pratense-var-frigidum,165
prunus-angustifolia-var-watsonii,165
physaria-newberryi-subsp-yesicola,165
ptelea-trifoliata-ssp-trifoliata-var-mollis,165
ptelea-trifoliata-ssp-pallida-var-confinis,165
ptelea-trifoliata-ssp-trifoliata-var-trifoliata,165
populus-fremontii-var-macdougalii,165
lappula-deflexa-subsp-americana,165
ptelea-trifoliata-ssp-pallida-var-pallida,165
bothriochloa-ischaemum,165
aurinia-saxatilis-subsp-orientalis,165
vitis-cinerea-var-tomentosa,165
ptelea-trifoliata-ssp-pallida-var-cognata,165
ptelea-trifoliata-ssp-angustifolia-var-angustifolia,165
ptelea-trifoliata-ssp-pallida-var-lutescens,165
orobanche-multiflora,165
ptelea-trifoliata-ssp-angustifolia-var-persicifolia,165
frangula-caroliniana,168
frangula-betulifolia,168
cercis-canadensis,170
juglans-nigra,170
conoclinium-coelestinum,170
vitis-rotundifolia,170
eragrostis-intermedia,170
hudsonia-tomentosa,170
rhynchospora-corniculata,170
atriplex-polycarpa,170
amsinckia-lycopsoides,170
hypericum-crux-andreae,170
rhus-aromatica-var-serotina,170
cercis-canadensis-var-texensis,170
vitis-rotundifolia-var-munsoniana,170
penstemon-venustus,170
ribes-erythrocarpum,170
cercis-canadensis-var-mexicana,170
cissus-repanda,170
cornus-torreyi,172
chamaecyparis-lawsoniana,173
sphaeralcea-ambigua,174
sphaeralcea-ambigua-var-rosacea,174
sphaeralcea-ambigua-var-rugosa,174
styrax-grandifolius,174
pyrus-communis,175
calamagrostis-arenaria,175
arisaema-triphyllum,175
verbesina-encelioides,175
elaeagnus-umbellata,175
aesculus-californica,175
quercus-falcata,175
lathyrus-vestitus,175
astragalus-canadensis,175
bromus-pumpellianus,175
cyperus-pseudovegetus,175
bromus-variegatus-subsp-villosulus,175
leucothoe-fontanesiana,175
tsuga-caroliniana,175
arisaema-quinatum,175
amaranthus-californicus,175
symplocos-tinctoria,178
trifolium-medium,180
eucalyptus-camaldulensis,180
trifolium-fragiferum,180
acacia-melanoxylon,180
trifolium-subterraneum,180
dasiphora-fruticosa,180
berberis-thunbergii,180
liquidambar-styraciflua,180
eucalyptus-leucoxylon,180
eriogonum-fasciculatum,180
stuckenia-filiformis,180
paulownia-tomentosa,180
lupinus-argenteus,180
larix-kaempferi,180
carya-illinoiensis,180
bouteloua-curtipendula,180
lupinus-luteus,180
lupinus-albus,180
maclura-pomifera,180
thuja-plicata,180
frangula-californica,180
chloris-gayana,180
lespedeza-bicolor,180
lupinus-albifrons,180
sequoia-sempervirens,180
sisyrinchium-angustifolium,180
aesculus-pavia,180
vaccinium-arboreum,180
rubus-flagellaris,180
chilopsis-linearis,180
desmodium-paniculatum,180
poa-fendleriana,180
scirpus-atrovirens,180
quercus-phellos,180
ulmus-alata,180
quercus-michauxii,180
magnolia-virginiana,180
acer-glabrum-var-douglasii,180
itea-virginica,180
castanea-mollissima,180
serenoa-repens,180
eriogonum-fasciculatum-var-polifolium,180
sabal-minor,180
limonium-carolinianum,180
sabal-palmetto,180
lupinus-albicaulis,180
juniperus-monosperma,180
ranunculus-glaberrimus,180
setaria-vulpiseta,180
gaylussacia-dumosa,180
ruellia-strepens,180
arctostaphylos-nevadensis,180
fraxinus-latifolia,180
phyllostachys-aurea,180
osmanthus-heterophyllus,180
sacciolepis-striata,180
tridens-strictus,180
panicum-antidotale,180
lupinus-angustifolius-subsp-reticulatus,180
uniola-paniculata,180
chilopsis-linearis-subsp-arcuata,180
zornia-apiculata,180
hordeum-californicum,180
eriogonum-fasciculatum-var-foliolosum,180
symphyotrichum-novi-belgii-var-novi-belgii,180
lupinus-argenteus-var-utahensis,180
juglans-microcarpa,180
poa-autumnalis,180
fraxinus-profunda,180
populus-heterophylla,180
hydrocharis-laevigata,180
planera-aquatica,180
liatris-squarrulosa,180
trifolium-subterraneum-subsp-brachycalycinum,180
lupinus-parviflorus,180
lupinus-argenteus-var-palmeri,180
lupinus-elegans,180
poa-fendleriana-subsp-longiligula,180
lathyrus-littoralis,180
ranunculus-glaberrimus-var-ellipticus,180
lupinus-elatus,180
arnica-ovata,180
ranunculus-laxicaulis,180
iris-fulva,180
crataegus-aestivalis,180
pseudognaphalium-helleri,180
ulmus-serotina,180
acer-glabrum-var-diffusum,180
crataegus-ovata,180
erigeron-petrophilus,180
rudbeckia-maxima,180
solidago-sempervirens,180
lupinus-albicaulis-var-shastensis,180
acer-glabrum-var-neomexicanum,180
lupinus-hyacinthinus,180
trifolium-fragiferum-subsp-bonannii,180
eriogonum-fasciculatum-var-flavoviride,180
saccharum-brevibarbe,180
amelanchier-obovalis,180
lupinus-parviflorus-subsp-myrianthus,180
lupinus-argenteus-subsp-ingratus,180
pseudognaphalium-micradenium,180
erigeron-petrophilus-var-sierrensis,180
poa-albescens,180
lupinus-argenteus-subsp-moabensis,180
ranunculus-triternatus,180
magnolia-virginiana-var-australis,180
arctostaphylos-coloradensis,180
juglans-microcarpa-var-stewartii,180
acer-glabrum,180
urochloa-platyphylla,180
acacia-sophorae,180
ranunculus-laxicaulis-var-mississippiensis,180
lupinus-argenteus-ssp-argenteus-var-argenteus,180
ruellia-strepens-f-alba,180
acer-glabrum-var-siskiyouense,180
lupinus-argenteus-subsp-rubricaulis,180
lupinus-argenteus-ssp-argenteus-var-laxiflorus,180
lupinus-argenteus-subsp-parviflorus,180
stuckenia-filiformis-subsp-alpinus,180
arundinaria-gigantea,180
ribes-sanguineum,185
quercus-marilandica,185
ruellia-caroliniensis,185
ribes-sanguineum-var-glutinosum,185
rhododendron-arborescens,185
carex-joorii,185
alnus-maritima,185
calycocarpum-lyonii,185
ruellia-caroliniensis-subsp-ciliosa,185
berberis-fendleri,185
hypericum-galinum,185
ruellia-humilis-f-alba,185
ruellia-caroliniensis-ssp-ciliosa-var-cinerascens,185
quercus-marilandica-var-ashii,185
ruellia-caroliniensis-ssp-caroliniensis-var-serrulata,185
ruellia-caroliniensis-ssp-ciliosa-var-heteromorpha,185
ruellia-caroliniensis-f-breviberbis,185
ruellia-caroliniensis-f-laevior,185
ruellia-caroliniensis-f-caroliniensis,185
ruellia-caroliniensis-ssp-caroliniensis-var-caroliniensis,185
juglans-regia,190
symphyotrichum-subulatum,190
digitaria-ciliaris,190
lathyrus-japonicus,190
rubus-ursinus,190
lathyrus-japonicus-subsp-maritimus,190
sorghastrum-nutans,190
quercus-nigra,190
rhododendron-periclymenoides,190
tricholaena-monachne,190
baptisia-tinctoria,190
pinus-serotina,190
panicum-hemitomon,190
ribes-viburnifolium,190
plagiobothrys-stipitatus-var-micranthus,190
lathyrus-japonicus-var-parviflorus,190
rubus-ursinus-ssp-ursinus-var-ursinus,190
rubus-ursinus-ssp-ursinus-var-sirbenus,190
thamnosma-montana,193
argentina-anserina,200
sambucus-racemosa,200
salvia-rosmarinus,200
lolium-rigidum,200
leymus-arenarius,200
alternanthera-philoxeroides,200
tecoma-stans,200
opuntia-ficus-indica,200
rosa-acicularis,200
rubus-mercieri,200
podocarpus-macrophyllus,200
gaultheria-shallon,200
podocarpus-macrophyllus-var-maki,200
diospyros-virginiana,200
arbutus-menziesii,200
dicentra-formosa,200
opuntia-polyacantha,200
hesperoyucca-whipplei,200
ilex-vomitoria,200
lupinus-sericeus,200
acer-circinatum,200
eriogonum-wrightii,200
leymus-mollis,200
rhus-ovata,200
pieris-japonica,200
juncus-dichotomus,200
quercus-lobata,200
schoenoplectus-californicus,200
panicum-aciculare,200
lespedeza-hirta,200
ilex-cassine,200
batis-maritima,200
pinus-edulis,200
tetradymia-canescens,200
cladium-mariscus-subsp-jamaicense,200
borrichia-frutescens,200
iris-virginica,200
lyonia-lucida,200
metasequoia-glyptostroboides,200
fremontodendron-californicum,200
prunus-fasciculata,200
crotalaria-spectabilis,200
fraxinus-caroliniana,200
lachnanthes-caroliniana,200
rosa-acicularis-subsp-sayi,200
rhododendron-canescens,200
iva-frutescens,200
zoysia-matrella,200
rhododendron-albiflorum,200
zoysia-japonica,200
epilobium-glaberrimum,200
persea-borbonia,200
solidago-fistulosa,200
pinus-contorta-var-murrayana,200
rubus-cuneifolius,200
ilex-coriacea,200
leucothoe-axillaris,200
phyllodoce-breweri,200
prosopis-pubescens,200
eriogonum-wrightii-var-subscaposum,200
opuntia-polyacantha-var-erinacea,200
panicum-scabriusculum,200
danthonia-unispicata,200
purshia-glandulosa,200
pseudotsuga-macrocarpa,200
tecoma-stans-var-velutina,200
tetradymia-glabrata,200
leersia-lenticularis,200
festuca-californica,200
phacelia-affinis,200
juncus-roemerianus,200
ilex-amelanchier,200
eriogonum-wrightii-var-membranaceum,200
hymenocallis-liriosme,200
hydrolea-quadrivalvis,200
epilobium-glaberrimum-subsp-fastigiatum,200
opuntia-polyacantha-var-hystricina,200
eriogonum-wrightii-var-nodosum,200
zoysia-matrella-var-pacifica,200
lupinus-kuschei,200
eriogonum-wrightii-var-trachygonum,200
iva-frutescens-subsp-oraria,200
plagiobothrys-mollis,200
franklinia-alatamaha,200
opuntia-nicholii,200
dicentra-nevadensis,200
fremontodendron-decumbens,200
prunus-fasciculata-subsp-punctata,200
lupinus-garfieldensis,200
argemone-pinnatisecta,200
dicentra-formosa-subsp-oregona,200
lupinus-jonesii,200
rhododendron-albiflorum-var-warrenii,200
eriogonum-wrightii-var-olanchense,200
plagiobothrys-mollis-var-vestitus,200
acer-barbatum-var-barbatum,200
maurandella-antirrhiniflora,200
tecoma-stans-var-angustata,200
rosa-acicularis-ssp-acicularis-var-nipponensis,200
acer-barbatum-f-barbatum,200
rosa-acicularis-var-sayana,200
lupinus-sericeus-ssp-sericeus-var-egglestonianus,200
lespedeza-hirta-var-appressipilis,200
lespedeza-hirta-var-dissimulans,200
lupinus-sericeus-ssp-sericeus-var-thompsonianus,200
lupinus-sericeus-ssp-sericeus-var-flexuosus,200
lupinus-sericeus-ssp-sericeus-var-sericeus,200
lupinus-sericeus-ssp-sericeus-var-maximus,200
lupinus-sericeus-subsp-sabinei,200
lupinus-sericeus-ssp-sericeus-var-wallowensis,200
nymphaea-mexicana,205
oemleria-cerasiformis,207
malus-fusca,207
styrax-americanus,207
sideroxylon-lycioides,207
gleditsia-aquatica,207
sideroxylon-reclinatum,207
heteropogon-contortus,210
axonopus-compressus,210
lespedeza-thunbergii,210
salvia-dorrii,210
eragrostis-superba,210
agrostis-pallens,210
trifolium-vesiculosum,210
quercus-pagoda,210
anisacanthus-thurberi,210
salvia-dorrii-var-incana,210
salvia-dorrii-subsp-mearnsii,210
salvia-dorrii-ssp-dorrii-var-incana,210
salvia-dorrii-ssp-dorrii-var-dorrii,210
salvia-dorrii-ssp-dorrii-var-pilosa,210
salvia-dorrii-ssp-dorrii-var-clokeyi,210
trachelospermum-jasminoides,215
cyrilla-racemiflora,218
arundo-donax,220
pittosporum-tobira,220
quercus-agrifolia,220
stenotaphrum-secundatum,220
magnolia-grandiflora,220
ulmus-crassifolia,220
quercus-montana,220
pittosporum-viridiflorum,220
persea-palustris,220
pinus-coulteri,220
platanus-racemosa,220
muhlenbergia-porteri,220
eremochloa-ophiuroides,220
hilaria-belangeri,220
rhododendron-atlanticum,220
lithocarpus-korthalsii,220
hilaria-belangeri-var-longifolia,220
cynodon-dactylon,225
nerium-oleander,230
cyperus-haspan,230
paspalum-plicatulum,230
nyssa-sylvatica-var-biflora,230
pinus-sabiniana,230
eleocharis-cellulosa,230
nyssa-aquatica,231
eucalyptus-globulus,240
cenchrus-ciliaris,240
carnegiea-gigantea,240
erodium-botrys,240
atriplex-canescens,240
lupinus-arboreus,240
vaccinium-ovatum,240
simmondsia-chinensis,240
pityopsis-graminifolia,240
quercus-virginiana,240
baccharis-sarothroides,240
cornus-foemina,240
calliandra-eriophylla,240
crataegus-marshallii,240
hemarthria-altissima,240
schizachyrium-tenerum,240
melica-californica,240
eucalyptus-globulus-subsp-bicostata,240
eucalyptus-globulus-subsp-maidenii,240
lomatium-dissectum,240
pinus-glabra,240
cornus-asperifolia,240
juniperus-virginiana-var-silicicola,240
poa-macrantha,240
pityopsis-graminifolia-var-tenuifolia,240
lupinus-havardii,240
pityopsis-graminifolia-var-latifolia,240
pityopsis-graminifolia-var-tracyi,240
lupinus-arboreus-var-eximius,240
pityopsis-graminifolia-var-aequilifolia,240
pennisetum-ciliare-var-setiger,240
halesia-diptera,247
trifolium-repens,250
prosopis-glandulosa,250
holodiscus-discolor,250
trifolium-hirtum,250
ambrosia-dumosa,250
senegalia-greggii,250
krameria-erecta,250
pinus-palustris,250
eriodictyon-californicum,250
pinus-elliottii,250
vachellia-constricta,250
ephedra-trifurca,250
lycium-carolinianum,250
arundinaria-tecta,250
ceanothus-megacarpus,250
trifolium-repens-subsp-prostratum,250
prunus-subcordata,250
pinus-elliottii-var-densa,250
rudbeckia-nitida,250
lycium-carolinianum-var-quadrifidum,250
ceanothus-megacarpus-var-insularis,250
prunus-subcordata-subsp-oregana,250
prunus-subcordata-subsp-rubicunda,250
prunus-subcordata-subsp-kelloggii,250
arctostaphylos-glauca,260
menodora-scabra,260
hibiscus-hispidissimus,260
viburnum-obovatum,263
pinus-clausa,265
paspalum-conjugatum,269
desmodium-incanum,269
rosa-nutkana,270
rosa-californica,270
rhododendron-occidentale,270
nassella-pulchra,270
quercus-laevis,270
rhododendron-macrophyllum,270
torreya-taxifolia,270
nyssa-ogeche,270
ceanothus-greggii-var-greggii,270
scutia-spicata-var-pauciflora,270
ceanothus-perplexans,270
rosa-nutkana-var-setosa,270
yucca-aloifolia,276
anemopsis-californica,280
rhamnus-crocea,280
pectis-angustifolia,280
nassella-cernua,280
nolina-microcarpa,280
casuarina-glauca,280
pectis-angustifolia-var-fastigiata,280
rhamnus-crocea-subsp-insula,280
arbutus-arizonica,290
muhlenbergia-repens,290
pinus-radiata,300
agave-americana,300
pinus-radiata-var-binata,300
tillandsia-usneoides,300
ribes-cereum,300
lablab-purpureus,300
casuarina-cunninghamiana,300
arctostaphylos-pungens,300
helianthus-debilis,300
nassella-lepida,300
arctostaphylos-parryana,300
arctostaphylos-columbiana,300
dasylirion-wheeleri,300
panicum-amarum,300
garrya-wrightii,300
helianthus-debilis-subsp-cucumerifolius,300
helianthus-praecox,300
arctostaphylos-hispidula,300
helianthus-debilis-subsp-vestitus,300
helianthus-debilis-subsp-silvestris,300
helianthus-praecox-subsp-runyonii,300
ribes-cereum-var-colubrinum,300
helianthus-debilis-subsp-tardiflorus,300
agave-americana-subsp-protamericana,300
helianthus-praecox-var-hirtus,300
arctostaphylos-nortensis,300
agave-americana-var-expansa,300
choisya-dumosa,300
ceanothus-americanus,300
arctostaphylos-montana,300
helianthus-debilis-var-purpureus,300
agave-americana-ssp-americana-var-americana,300
agave-americana-ssp-americana-var-expansa,300
dodonaea-viscosa,310
dodonaea-viscosa-subsp-angustissima,310
dodonaea-viscosa-subsp-spatulata,310
dodonaea-viscosa-subsp-cuneata,310
torenia-crustacea,320
metrosideros-polymorpha-var-lutea,320
metrosideros-polymorpha-var-imbricata,320
metrosideros-polymorpha-var-polymorpha,320
metrosideros-kermadecensis,320
lupinus-covillei,320
metrosideros-polymorpha-var-pumila,320
metrosideros-polymorpha-var-macrophylla,320
metrosideros-polymorpha-var-newellii,320
metrosideros-polymorpha-var-dieteri,320
metrosideros-waialealae-var-fauriei,320
metrosideros-polymorpha-var-pseudorugosa,320
avicennia-germinans,328
muhlenbergia-rigens,334
eucalyptus-saligna,340
eucalyptus-robusta,340
melica-imperfecta,340
sabal-causiarum,340
eucalyptus-grandis,340
neonotonia-wightii,350
sophora-chrysophylla,350
neonotonia-wightii-var-mearnsii,350
crotalaria-juncea,360
bromelia-pinguin,360
manihot-esculenta,365
solanum-lycopersicum,365
melia-azedarach,365
fagopyrum-esculentum,365
leucaena-leucocephala,365
psidium-guajava,365
trema-micrantha,365
mangifera-indica,365
carica-papaya,365
ananas-comosus,365
encelia-farinosa,365
sporobolus-virginicus,365
ipomoea-pes-caprae,365
bursera-simaruba,365
laguncularia-racemosa,365
coffea-arabica,365
tamarindus-indica,365
grevillea-robusta,365
cocos-nucifera,365
terminalia-catappa,365
spondias-mombin,365
vicia-benghalensis,365
macroptilium-atropurpureum,365
guarea-guidonia,365
delonix-regia,365
digitaria-eriantha,365
desmanthus-virgatus,365
casearia-arborea,365
hymenaea-courbaril,365
coccoloba-uvifera,365
manilkara-zapota,365
inga-edulis,365
thespesia-populnea,365
gliricidia-sepium,365
trichilia-hirta,365
artocarpus-altilis,365
inga-laurina,365
syzygium-cumini,365
aparisthmium-cordatum,365
saccharum-officinarum,365
aleurites-moluccanus,365
swietenia-macrophylla,365
hura-crepitans,365
pandanus-tectorius,365
sesbania-cannabina,365
manilkara-bidentata,365
bothriochloa-pertusa,365
guaiacum-sanctum,365
pterocarpus-officinalis,365
olneya-tesota,365
citharexylum-flexuosum,365
desmodium-intortum,365
quadrella-indica,365
melicoccus-bijugatus,365
erythrina-variegata,365
tabebuia-heterophylla,365
coccoloba-diversifolia,365
ocotea-leucoxylon,365
colubrina-elliptica,365
guaiacum-officinale,365
cyathea-arborea,365
cupania-americana,365
swietenia-mahagoni,365
manilkara-bidentata-subsp-surinamensis,365
gynerium-sagittatum,365
pipturus-albidus,365
ocotea-floribunda,365
araucaria-heterophylla,365
myoporum-sandwicense,365
mielichhoferia-elongata,365
mielichhoferia-mielichhoferiana,365
sesbania-grandiflora,365
malva-assurgentiflora,365
coccoloba-swartzii,365
senna-gaudichaudii,365
ericameria-pinifolia,365
mammea-americana,365
cibotium-glaucum,365
spondias-radlkoferi,365
cibotium-chamissoi,365
osteomeles-anthyllidifolia,365
leucaena-leucocephala-subsp-glabrata,365
beilschmiedia-pendula,365
eragrostis-variabilis,365
citrus-taitensis,365
petitia-domingensis,365
spondias-venulosa,365
ipomoea-pes-caprae-subsp-pes-caprae,365
prunus-lyonii,365
sesbania-tomentosa,365
bursera-ovalifolia,365
cecropia-schreberiana,365
coccoloba-pubescens,365
prestoea-acuminata-var-montana,365
tabebuia-pallida,365
lycium-sandwicense,365
wikstroemia-uva-ursi,365
erythrina-sandwicensis,365
lippia-micromera,365
dacryodes-excelsa,365
acacia-koaia,365
acacia-koa,365
furcraea-tuberosa,365
roystonea-borinquena,365
pictetia-aculeata,365
thespesia-grandiflora,365
bambusa-balcooa,365
pritchardia-maideniana,365
ocotea-spathulata,365
schinus-terebinthifolia-var-raddianus,365
schinus-terebinthifolia-var-rhoifolius,365
pisonia-albida,365
wikstroemia-uva-ursi-var-uva-ursi,365
magnolia-portoricensis,365
crescentia-linearifolia,365
ocotea-moschata,365
wikstroemia-uva-ursi-var-kauaiensis,365
erythrina-tahitensis,365
sloanea-berteriana,365
myoporum-stellatum,365
pritchardia-munroi,365
crescentia-portoricensis,365
capparis-spinosa-subsp-cordifolia,365
urochloa-mutica,365
aleurites-moluccana,365
piper-methysticum,365
schinus-terebinthifolius,365
schefflera-morototonii,365
myoporum-sandwicense-ssp-st-johnii,365
